ชื่อสาขา,ห้าง,จังหวัด,ภูมิภาค,STORE_ID,STORE_NAME
อำนาจเจริญ,บิ๊กซี,อำนาจเจริญ,ภาคตะวันออกเฉียงเหนือ,S00913,BC-AMNATCHAROEN
อ่างทอง,บิ๊กซี,อ่างทอง,ภาคตะวันตกและตะวันออก,S00914,BC-ANGTHONG
อยุธยา,บิ๊กซี,พระนครศรีอยุธยา,ภาคตะวันตกและตะวันออก,S00916,BC-AYUTTHAYA
เพชรเกษม 1,บิ๊กซี,กรุงเทพมหานคร,กรุงเทพฯและภาคกลาง,S00876,BC:PETCHKASEM_1
เพชรเกษม 2,บิ๊กซี,กรุงเทพมหานคร,กรุงเทพฯและภาคกลาง,S00865,BC:PETCHKASEM_2
เอกมัย,บิ๊กซี,กรุงเทพมหานคร,กรุงเทพฯและภาคกลาง,S00889,BC:EKKAMAI
แจ้งวัฒนะ 1,บิ๊กซี,กรุงเทพมหานคร,กรุงเทพฯและภาคกลาง,S00804,BC:CHANGWATTANA_1
แฟชั่นไอส์แลนด์,บิ๊กซี,กรุงเทพมหานคร,กรุงเทพฯและภาคกลาง,S00813,BC:FASHION_ISLAND
กัลปพฤกษ์,บิ๊กซี,กรุงเทพมหานคร,กรุงเทพฯและภาคกลาง,S00892,BC:KALLAPRAPRUK
ดอนเมือง,บิ๊กซี,กรุงเทพมหานคร,กรุงเทพฯและภาคกลาง,S00887,BC:DONMAUNG
ดาวคะนอง,บิ๊กซี,กรุงเทพมหานคร,กรุงเทพฯและภาคกลาง,S00888,BC:DOWKANONG
บางนา,บิ๊กซี,กรุงเทพมหานคร,กรุงเทพฯและภาคกลาง,S00823,BC:BANGNA
บางบอน,บิ๊กซี,กรุงเทพมหานคร,กรุงเทพฯและภาคกลาง,S00810,BC:BANGBON
บางปะกอก,บิ๊กซี,กรุงเทพมหานคร,กรุงเทพฯและภาคกลาง,S00886,BC:BANGPAKOK
ประชาอุทิศ,บิ๊กซี,กรุงเทพมหานคร,กรุงเทพฯและภาคกลาง,S00900,BC:PRACHA_UTHID
พระราม 2,บิ๊กซี,กรุงเทพมหานคร,กรุงเทพฯและภาคกลาง,S00844,BC:RAMA2
พระราม 2 (2),บิ๊กซี,กรุงเทพมหานคร,กรุงเทพฯและภาคกลาง,S00902,BC:RAMA2_2
พระราม 4,บิ๊กซี,กรุงเทพมหานคร,กรุงเทพฯและภาคกลาง,S00808,BC:RAMA4
ร่มเกล้า,บิ๊กซี,กรุงเทพมหานคร,กรุงเทพฯและภาคกลาง,S00877,BC:ROMKRAW
รังสิต 2,บิ๊กซี,กรุงเทพมหานคร,กรุงเทพฯและภาคกลาง,S01169,BC:RANGSIT2
รัชดา,บิ๊กซี,กรุงเทพมหานคร,กรุงเทพฯและภาคกลาง,S00743,BC:RATCHADA
ราชดำริ,บิ๊กซี,กรุงเทพมหานคร,กรุงเทพฯและภาคกลาง,S00901,BC:RADDUMRI
รามอินทรา,บิ๊กซี,กรุงเทพมหานคร,กรุงเทพฯและภาคกลาง,S00812,BC:RAMINTRA
ราษฎร์บูรณะ จัมโบ้,บิ๊กซี,กรุงเทพมหานคร,กรุงเทพฯและภาคกลาง,S01184,BC:JUMBO-RADBURANA
ลาดพร้าว 1,บิ๊กซี,กรุงเทพมหานคร,กรุงเทพฯและภาคกลาง,S00875,BC:IMPERIAL-LADPRAO_1
ลาดพร้าว 2,บิ๊กซี,กรุงเทพมหานคร,กรุงเทพฯและภาคกลาง,S00882,BC:LADPRAO_2
วงศ์สว่าง,บิ๊กซี,กรุงเทพมหานคร,กรุงเทพฯและภาคกลาง,S00912,BC:WONGSAWANG
สวนหลวง,บิ๊กซี,กรุงเทพมหานคร,กรุงเทพฯและภาคกลาง,S00909,BC:SUANG_LUNG
สะพานควาย,บิ๊กซี,กรุงเทพมหานคร,กรุงเทพฯและภาคกลาง,S00757,BC:SAPANKWAI
สายไหม,บิ๊กซี,กรุงเทพมหานคร,กรุงเทพฯและภาคกลาง,S00907,BC:SAIMAI
สุขาภิบาล 3 (1),บิ๊กซี,กรุงเทพมหานคร,กรุงเทพฯและภาคกลาง,S00910,BC:SUKHAPIBAN3_1
สุขาภิบาล 3 (2),บิ๊กซี,กรุงเทพมหานคร,กรุงเทพฯและภาคกลาง,S01170,BC:SUKHAPIBAN3_2
สุขาภิบาล 5,บิ๊กซี,กรุงเทพมหานคร,กรุงเทพฯและภาคกลาง,S00911,BC:SUKHAPIBAN5
สุวินทวงศ์,บิ๊กซี,กรุงเทพมหานคร,กรุงเทพฯและภาคกลาง,S00842,BC:SUWINTAWONG
หทัยราษฎร์,บิ๊กซี,กรุงเทพมหานคร,กรุงเทพฯและภาคกลาง,S00890,BC:HATAIRAT
หนองจอก,บิ๊กซี,กรุงเทพมหานคร,กรุงเทพฯและภาคกลาง,S00898,BC:NONGJOK
หัวหมาก,บิ๊กซี,กรุงเทพมหานคร,กรุงเทพฯและภาคกลาง,S00816,BC:HUAMARK
อ่อนนุช,บิ๊กซี,กรุงเทพมหานคร,กรุงเทพฯและภาคกลาง,S00835,BC:ON_NUCH
อิสรภาพ,บิ๊กซี,กรุงเทพมหานคร,กรุงเทพฯและภาคกลาง,S00891,BC:ITSARAPAP
บุรีรัมย์,บิ๊กซี,บุรีรัมย์,ภาคตะวันออกเฉียงเหนือ,S00773,BC-BURIRAM
หนองกี่ บุรีรัมย์,บิ๊กซี,บุรีรัมย์,ภาคตะวันออกเฉียงเหนือ,S00956,BC-NONG_KI-BURIRAM
ห้วยแถลง,บิ๊กซี,บุรีรัมย์,ภาคตะวันออกเฉียงเหนือ,S00866,BC-HUAI_TALAENG-BURIRAM
ฉะเชิงเทรา 1,บิ๊กซี,ฉะเชิงเทรา,ภาคตะวันตกและตะวันออก,S00922,BC-CHACHOENGSAO_1
ฉะเชิงเทรา 2,บิ๊กซี,ฉะเชิงเทรา,ภาคตะวันตกและตะวันออก,S00923,BC-CHACHOENGSAO_2
ชัยภูมิ,บิ๊กซี,ชัยภูมิ,ภาคตะวันออกเฉียงเหนือ,S00924,BC-CHAIYAPHUM
จันทบุรี,บิ๊กซี,จันทบุรี,ภาคตะวันตกและตะวันออก,S00925,BC-CHANTHABURI
เชียงใหม่ 1,บิ๊กซี,เชียงใหม่,ภาคเหนือ,S00926,BC-CHIANGMAI_1
เชียงใหม่ 2,บิ๊กซี,เชียงใหม่,ภาคเหนือ,S00927,BC-CHIANGMAI_2
หางดง 1,บิ๊กซี,เชียงใหม่,ภาคเหนือ,S00934,BC-HANGDONG-CHIANGMAI_1
หางดง 2,บิ๊กซี,เชียงใหม่,ภาคเหนือ,S00935,BC-HANGDONG-CHIANGMAI_2
เชียงราย,บิ๊กซี,เชียงราย,ภาคเหนือ,S00751,BC-CHIANGRAI
เชียงราย 2,บิ๊กซี,เชียงราย,ภาคเหนือ,S00928,BC-CHIANGRAI_2
เซ็นทรัลชลบุรี,บิ๊กซี,ชลบุรี,ภาคตะวันตกและตะวันออก,S00921,BC-CENTRAL-CHONBURI_3
ชลบุรี 1,บิ๊กซี,ชลบุรี,ภาคตะวันตกและตะวันออก,S00929,BC-CHONBURI_1
ชลบุรี 2,บิ๊กซี,ชลบุรี,ภาคตะวันตกและตะวันออก,S00930,BC-CHONBURI_2
บ่อวิน,บิ๊กซี,ชลบุรี,ภาคตะวันตกและตะวันออก,S00850,BC-BORWIN-CHONBURI
บ้านบึง ชลบุรี,บิ๊กซี,ชลบุรี,ภาคตะวันตกและตะวันออก,S00917,BC-BANBUENG-CHONBURI
พัทยา 1,บิ๊กซี,ชลบุรี,ภาคตะวันตกและตะวันออก,S00959,BC-PATTAYA_1(NORTH)-CHONBURI
พัทยา 2 โฮเรก้า,บิ๊กซี,ชลบุรี,ภาคตะวันตกและตะวันออก,S00753,BC-PATTAYA_2(SOUTH)-CHONBURI
พัทยา 3,บิ๊กซี,ชลบุรี,ภาคตะวันตกและตะวันออก,S00732,BC-PATTAYA_3(CENTER)-CHONBURI
สัตหีบ,บิ๊กซี,ชลบุรี,ภาคตะวันตกและตะวันออก,S00972,BC-SATTAHIP-CHONBURI
ชุมพร,บิ๊กซี,ชุมพร,ภาคใต้,S00931,BC-CHUMPHON
กาฬสินธุ์,บิ๊กซี,กาฬสินธุ์,ภาคตะวันออกเฉียงเหนือ,S00936,BC-KALASIN
กำแพงเพชร,บิ๊กซี,กำแพงเพชร,ภาคเหนือ,S00869,BC-KAMPHAENGPHET
กาญจนบุรี,บิ๊กซี,กาญจนบุรี,ภาคตะวันตกและตะวันออก,S00845,BC-KANCHANABURI
กระนวน,บิ๊กซี,ขอนแก่น,ภาคตะวันออกเฉียงเหนือ,S00939,BC-KRANUAN-KHONKAEN
ขอนแก่น,บิ๊กซี,ขอนแก่น,ภาคตะวันออกเฉียงเหนือ,S00832,BC-KHONKAEN
ขอนแก่น (เมืองเก่า),บิ๊กซี,ขอนแก่น,ภาคตะวันออกเฉียงเหนือ,S00946,BC-MUEANG_KAO-KHONKAEN
บ้านไผ่,บิ๊กซี,ขอนแก่น,ภาคตะวันออกเฉียงเหนือ,S00919,BC-BANPHAI-KHONKAEN
กระบี่,บิ๊กซี,กระบี่,ภาคใต้,S00796,BC-KRABI
ลำปาง,บิ๊กซี,ลำปาง,ภาคเหนือ,S00941,BC-LAMPANG
ลำพูน,บิ๊กซี,ลำพูน,ภาคเหนือ,S00942,BC-LAMPHUN
เลย,บิ๊กซี,เลย,ภาคตะวันออกเฉียงเหนือ,S00759,BC-LOEI
วังสะพุง,บิ๊กซี,เลย,ภาคตะวันออกเฉียงเหนือ,S00983,BC-WANGSAPHUNG-LOEI
ลพบุรี 1,บิ๊กซี,ลพบุรี,ภาคตะวันตกและตะวันออก,S00763,BC-LOPBURI_1
ลพบุรี 2,บิ๊กซี,ลพบุรี,ภาคตะวันตกและตะวันออก,S00943,BC-LOPBURI_2
มหาสารคาม,บิ๊กซี,มหาสารคาม,ภาคตะวันออกเฉียงเหนือ,S00944,BC-MAHASARAKHAM
มุกดาหาร,บิ๊กซี,มุกดาหาร,ภาคตะวันออกเฉียงเหนือ,S00947,BC-MUKDAHARN
นครปฐม,บิ๊กซี,นครปฐม,ภาคตะวันตกและตะวันออก,S00797,BC:NAKHONPATHOM
อ้อมใหญ่,บิ๊กซี,นครปฐม,ภาคตะวันตกและตะวันออก,S00849,BC:AOMYAI
นครพนม,บิ๊กซี,นครพนม,ภาคตะวันออกเฉียงเหนือ,S00836,BC-NAKHONPHANOM
โคราช,บิ๊กซี,นครราชสีมา,ภาคตะวันออกเฉียงเหนือ,S00949,BC-NAKHONRATCHASIMA
โคราช 2,บิ๊กซี,นครราชสีมา,ภาคตะวันออกเฉียงเหนือ,S00820,BC-NAKHONRATCHASIMA_2
โนนสูง,บิ๊กซี,นครราชสีมา,ภาคตะวันออกเฉียงเหนือ,S00955,BC-NON_SUNG-NAKHONRATCHASIMA
ด่านขุนทด (โคราช),บิ๊กซี,นครราชสีมา,ภาคตะวันออกเฉียงเหนือ,S00932,BC-DANKHUNTHOT-NAKHONRATCHASIMA
ปากช่อง,บิ๊กซี,นครราชสีมา,ภาคตะวันออกเฉียงเหนือ,S00958,BC-PAKCHONG-NAKHONRATCHASIMA
สีคิ้ว,บิ๊กซี,นครราชสีมา,ภาคตะวันออกเฉียงเหนือ,S00974,BC-SI_KHIEW-NAKHONRATCHASIMA
ท่าตะโก นครสวรรค์,บิ๊กซี,นครสวรรค์,ภาคเหนือ,S00979,BC-THATAKO-NAKHONSAWAN
นครสวรรค์ 1,บิ๊กซี,นครสวรรค์,ภาคเหนือ,S00818,BC-NAKHONSAWAN_1
นครสวรรค์ 2,บิ๊กซี,นครสวรรค์,ภาคเหนือ,S00950,BC-NAKHONSAWAN_2
ลาดยาว นครสวรรค์,บิ๊กซี,นครสวรรค์,ภาคเหนือ,S00940,BC-LADYAO-NAKHONSAWAN
หนองบัว นครสวรรค์,บิ๊กซี,นครสวรรค์,ภาคเหนือ,S00957,BC-NONGBUA-NAKHONSAWAN
นครศรีธรรมราช 2,บิ๊กซี,นครศรีธรรมราช,ภาคใต้,S00951,BC-NAKHONSITHAMMARAT_2
น่าน,บิ๊กซี,น่าน,ภาคเหนือ,S00953,BC-NAN
นราธิวาส,บิ๊กซี,นราธิวาส,ภาคใต้,S00954,BC-NARATHIWAT
สุไหงโกลก,บิ๊กซี,นราธิวาส,ภาคใต้,S00814,BC-SU_NGAI_KOLOK-NARATHIWAT
โพนพิสัย,บิ๊กซี,หนองคาย,ภาคตะวันออกเฉียงเหนือ,S00964,BC-PHONPHISAI-NONGKHAI
หนองคาย,บิ๊กซี,หนองคาย,ภาคตะวันออกเฉียงเหนือ,S00945,BC-MEGA_MARGET-NONGKHAI
แจ้งวัฒนะ 2,บิ๊กซี,นนทบุรี,กรุงเทพฯและภาคกลาง,S00785,BC:CHANGWATTANA_2
ไทรน้อย,บิ๊กซี,นนทบุรี,กรุงเทพฯและภาคกลาง,S00906,BC:SAI_NOI
ติวานนท์,บิ๊กซี,นนทบุรี,กรุงเทพฯและภาคกลาง,S00791,BC:TIWANON
บางใหญ่,บิ๊กซี,นนทบุรี,กรุงเทพฯและภาคกลาง,S00854,BC:BANGYAI
รัตนาธิเบศร์ 1,บิ๊กซี,นนทบุรี,กรุงเทพฯและภาคกลาง,S00764,BC:RATTANATHIBATE_1
รัตนาธิเบศร์ 2,บิ๊กซี,นนทบุรี,กรุงเทพฯและภาคกลาง,S00905,BC:RATTANATHIBATE_2
นวนคร จัมโบ้,บิ๊กซี,ปทุมธานี,กรุงเทพฯและภาคกลาง,S00897,BC:JUMBO-NAVANAKORN
ปทุมธานี,บิ๊กซี,ปทุมธานี,กรุงเทพฯและภาคกลาง,S00899,BC:PATHUMTHANI
รังสิต 1,บิ๊กซี,ปทุมธานี,กรุงเทพฯและภาคกลาง,S00903,BC:RANGSIT_1
รังสิต คลอง 3,บิ๊กซี,ปทุมธานี,กรุงเทพฯและภาคกลาง,S00904,BC:RANGSIT_KLONG3
รังสิต คลอง 6,บิ๊กซี,ปทุมธานี,กรุงเทพฯและภาคกลาง,S00774,BC:RANGSIT_KLONG6
ลำลูกกา 1,บิ๊กซี,ปทุมธานี,กรุงเทพฯและภาคกลาง,S00828,BC:LAMLUKKA_1
ลำลูกกา 2,บิ๊กซี,ปทุมธานี,กรุงเทพฯและภาคกลาง,S00893,BC:LAMLUKKA_2-KLONG4
ปัตตานี,บิ๊กซี,ปัตตานี,ภาคใต้,S00829,BC-PATTANI
พังงา,บิ๊กซี,พังงา,ภาคใต้,S00862,BC-JUNIOR-PHANGNGA
เพชรบูรณ์,บิ๊กซี,เพชรบูรณ์,ภาคเหนือ,S00961,BC-PHETCHABUN
วิเชียรบุรี เพชรบูรณ์,บิ๊กซี,เพชรบูรณ์,ภาคเหนือ,S00984,BC-WICHENBURI-PHETCHABUN
หล่มสัก,บิ๊กซี,เพชรบูรณ์,ภาคเหนือ,S00867,BC-MARKET-LOMSAK-PHETCHABUN
เพชรบุรี,บิ๊กซี,เพชรบุรี,ภาคตะวันตกและตะวันออก,S00962,BC-PHETCHABURI
พิษณุโลก,บิ๊กซี,พิษณุโลก,ภาคเหนือ,S00762,BC-PHITSANULOK
แพร่,บิ๊กซี,แพร่,ภาคเหนือ,S00965,BC-PHRAE
หาดกมลา ภูเก็ต,บิ๊กซี,ภูเก็ต,ภาคใต้,S01965,BC-KAMALA-PHUKET
ภูเก็ต 1,บิ๊กซี,ภูเก็ต,ภาคใต้,S00786,BC-PHUKET_1
ภูเก็ต 2,บิ๊กซี,ภูเก็ต,ภาคใต้,S00966,BC-PHUKET_2
ศรีมหาโพธ ปราจีนบุรี,บิ๊กซี,ปราจีนบุรี,ภาคตะวันตกและตะวันออก,S00827,BC-SRIMAHAPHOT-PRACHINBURI
หัวหิน,บิ๊กซี,ประจวบคีรีขันธ์,ภาคตะวันตกและตะวันออก,S01709,BC-HUAHIN-PRACHUAPKHIRIKHAN
ระนอง,บิ๊กซี,ระนอง,ภาคใต้,S00967,BC-RANONG
บ้านโป่ง,บิ๊กซี,ราชบุรี,ภาคตะวันตกและตะวันออก,S00920,BC-BANPONG-RATCHABURI
ราชบุรี,บิ๊กซี,ราชบุรี,ภาคตะวันตกและตะวันออก,S00861,BC-RATCHABURI
แหลมทอง,บิ๊กซี,ระยอง,ภาคตะวันตกและตะวันออก,S00878,BC-LAEMTHONG-RAYONG
ปลวกแดง ระยอง,บิ๊กซี,ระยอง,ภาคตะวันตกและตะวันออก,S00864,BC-PLUAK_DAENG-RAYONG
ระยอง,บิ๊กซี,ระยอง,ภาคตะวันตกและตะวันออก,S00750,BC-RAYONG
ร้อยเอ็ด,บิ๊กซี,ร้อยเอ็ด,ภาคตะวันออกเฉียงเหนือ,S00859,BC-ROIET
สุวรรณภูมิ (ร้อยเอ็ด),บิ๊กซี,ร้อยเอ็ด,ภาคตะวันออกเฉียงเหนือ,S00977,BC-SUWANNAPHUM-ROIET
วังน้ำเย็น (สระแก้ว),บิ๊กซี,สระแก้ว,ภาคตะวันตกและตะวันออก,S00880,BC-WANGNAMYEN-SAKAEO
สระแก้ว,บิ๊กซี,สระแก้ว,ภาคตะวันตกและตะวันออก,S00968,BC-SAKAEO
อรัญประเทศ,บิ๊กซี,สระแก้ว,ภาคตะวันตกและตะวันออก,S00915,BC-ARANYAPRATHET-SAKAEO
คำตากล้า สกลนคร,บิ๊กซี,สกลนคร,ภาคตะวันออกเฉียงเหนือ,S00937,BC-KHAM_TA_KLA-SAKONNAKHON
พังโคน สกลนคร,บิ๊กซี,สกลนคร,ภาคตะวันออกเฉียงเหนือ,S00960,BC-PHANG_KHON-SAKONNAKHON
สกลนคร,บิ๊กซี,สกลนคร,ภาคตะวันออกเฉียงเหนือ,S00969,BC-SAKONNAKHON
เมกาบางนา,บิ๊กซี,สมุทรปราการ,กรุงเทพฯและภาคกลาง,S00853,BC:MEGA_BANGNA
จัมโบ้ สำโรง,บิ๊กซี,สมุทรปราการ,กรุงเทพฯและภาคกลาง,S00881,BC:JUMBO-SUMRONG
บางพลี,บิ๊กซี,สมุทรปราการ,กรุงเทพฯและภาคกลาง,S00771,BC:BANGPLEE
ศรีนครินทร์,บิ๊กซี,สมุทรปราการ,กรุงเทพฯและภาคกลาง,S00908,BC:SRINAKARIN
สมุทรปราการ,บิ๊กซี,สมุทรปราการ,กรุงเทพฯและภาคกลาง,S00872,BC:SAMUTPRAKAN
สำโรง 1,บิ๊กซี,สมุทรปราการ,กรุงเทพฯและภาคกลาง,S00838,BC:IMPERIAL-SUMRONG_1
สุขสวัสดิ์,บิ๊กซี,สมุทรปราการ,กรุงเทพฯและภาคกลาง,S00782,BC:SUKSAWAD
หนามแดง,บิ๊กซี,สมุทรปราการ,กรุงเทพฯและภาคกลาง,S00896,BC:NAM_DAENG-BANGPLEE
มหาชัย,บิ๊กซี,สมุทรสาคร,ภาคตะวันตกและตะวันออก,S00895,BC:MAHACHAI-SAMUTSAKHON
มหาชัย 2,บิ๊กซี,สมุทรสาคร,ภาคตะวันตกและตะวันออก,S00894,BC:MAHACHAI_2-SAMUTSAKHON
สมุทรสงคราม,บิ๊กซี,สมุทรสงคราม,ภาคตะวันตกและตะวันออก,S00971,BC-SAMUTSONGKRAM
สระบุรี,บิ๊กซี,สระบุรี,ภาคตะวันตกและตะวันออก,S00858,BC-SARABURI
สตูล,บิ๊กซี,สตูล,ภาคใต้,S00973,BC-SATUN
ศรีสะเกษ,บิ๊กซี,ศรีสะเกษ,ภาคตะวันออกเฉียงเหนือ,S00868,BC-SISAKET
นาทวี,บิ๊กซี,สงขลา,ภาคใต้,S00948,BC-NA_THAWI-SONGKHLA
หาดใหญ่ 1,บิ๊กซี,สงขลา,ภาคใต้,S00781,BC-HADYAI_1-SONGKHLA
หาดใหญ่ 2,บิ๊กซี,สงขลา,ภาคใต้,S00933,BC-HADYAI_2-SONGKHLA
สุโขทัย,บิ๊กซี,สุโขทัย,ภาคเหนือ,S00975,BC-SUKHOTHAI
สุพรรณบุรี,บิ๊กซี,สุพรรณบุรี,ภาคตะวันตกและตะวันออก,S00976,BC-SUPHANBURI
เกาะพะงัน,บิ๊กซี,สุราษฎร์ธานี,ภาคใต้,S00938,BC-KOH_PHA_NGAN-SURATTHANI
เกาะสมุย,บิ๊กซี,สุราษฎร์ธานี,ภาคใต้,S00970,BC-SAMUI-SURATTHANI
สุราษฎร์ธานี,บิ๊กซี,สุราษฎร์ธานี,ภาคใต้,S00777,BC-SURATTHANI
สุรินทร์,บิ๊กซี,สุรินทร์,ภาคตะวันออกเฉียงเหนือ,S00879,BC-SURIN
ตาก,บิ๊กซี,ตาก,ภาคเหนือ,S00978,BC-TAK
ตรัง,บิ๊กซี,ตรัง,ภาคใต้,S00980,BC-TRANG
น้ำยืน อุบลราชธานี,บิ๊กซี,อุบลราชธานี,ภาคตะวันออกเฉียงเหนือ,S00952,BC-NAMYUEN-UBONRATCHATHANI
พิบูลมังสาหาร,บิ๊กซี,อุบลราชธานี,ภาคตะวันออกเฉียงเหนือ,S00963,BC-PHIBUNMANGSAHAN-UBONRATCHATHANI
วารินชำราบ,บิ๊กซี,อุบลราชธานี,ภาคตะวันออกเฉียงเหนือ,S00982,BC-VARINCHAMRAB-UBONRATCHATHANI
อุบล,บิ๊กซี,อุบลราชธานี,ภาคตะวันออกเฉียงเหนือ,S00775,BC-UBONRATCHATHANI
บ้านดุง อุดรธานี,บิ๊กซี,อุดรธานี,ภาคตะวันออกเฉียงเหนือ,S00918,BC-BANDUNG-UDONTHANI
อุดรธานี 1,บิ๊กซี,อุดรธานี,ภาคตะวันออกเฉียงเหนือ,S00789,BC-UDONTHANI_1
อุดรธานี 2,บิ๊กซี,อุดรธานี,ภาคตะวันออกเฉียงเหนือ,S00981,BC-UDONTHANI_2
ยะลา,บิ๊กซี,ยะลา,ภาคใต้,S00790,BC-YALA
ยโสธร,บิ๊กซี,ยโสธร,ภาคตะวันออกเฉียงเหนือ,S00985,BC-YASOTHON
รัชดาภิเษก,บุญถาวร,กรุงเทพมหานคร,กรุงเทพฯและภาคกลาง,S02257,BTV:RATCHADA
พุทธมณฑล,บุญถาวร,นครปฐม,ภาคตะวันตกและตะวันออก,S02258,BTV:PHUTTAMONTHON
อยุธยา,ดูโฮม,พระนครศรีอยุธยา,ภาคตะวันตกและตะวันออก,S00363,DH-AYUTTHAYA
บางนา-ตราด,ดูโฮม,กรุงเทพมหานคร,กรุงเทพฯและภาคกลาง,S00141,DH:BANGNA
บุรีรัมย์,ดูโฮม,บุรีรัมย์,ภาคตะวันออกเฉียงเหนือ,S00332,DH-BURIRAM
ชัยภูมิ,ดูโฮม,ชัยภูมิ,ภาคตะวันออกเฉียงเหนือ,S00319,DH-CHAIYAPHUM
เชียงใหม่,ดูโฮม,เชียงใหม่,ภาคเหนือ,S00413,DH-CHIANGMAI
เชียงราย,ดูโฮม,เชียงราย,ภาคเหนือ,S00367,DH-CHIANGRAI
แหลมฉบัง,ดูโฮม,ชลบุรี,ภาคตะวันตกและตะวันออก,S00131,DH-LAMCHABANG-CHONBURI
บ่อวิน,ดูโฮม,ชลบุรี,ภาคตะวันตกและตะวันออก,S00265,DH-BORWIN-CHONBURI
อมตะนคร,ดูโฮม,ชลบุรี,ภาคตะวันตกและตะวันออก,S00189,DH-AMMATANAKHON-CHONBURI
กาญจนบุรี,ดูโฮม,กาญจนบุรี,ภาคตะวันตกและตะวันออก,S00268,DH-KANCHANABURI
ขอนแก่น,ดูโฮม,ขอนแก่น,ภาคตะวันออกเฉียงเหนือ,S00217,DH-KHONKAEN
นครราชสีมา,ดูโฮม,นครราชสีมา,ภาคตะวันออกเฉียงเหนือ,S00144,DH-NAKHONRATCHASIMA
นครสวรรค์,ดูโฮม,นครสวรรค์,ภาคเหนือ,S01913,DH-NAKHONSAWAN
บางบัวทอง,ดูโฮม,นนทบุรี,กรุงเทพฯและภาคกลาง,S00551,DH:BANGBUATHONG-NONTHABURI
บางพูน,ดูโฮม,ปทุมธานี,กรุงเทพฯและภาคกลาง,S00362,DH:BANG_PHUN-PATHUMTHANI
รังสิต,ดูโฮม,ปทุมธานี,กรุงเทพฯและภาคกลาง,S00229,DH:RANGSIT_KLONG7-PATHUMTHANI
พิษณุโลก,ดูโฮม,พิษณุโลก,ภาคเหนือ,S00167,DH-PHITSANULOK
ภูเก็ต,ดูโฮม,ภูเก็ต,ภาคใต้,S02243,DH-PHUKET
มาบตาพุด,ดูโฮม,ระยอง,ภาคตะวันตกและตะวันออก,S00429,DH-MABTAPUT-RAYONG
เทพารักษ์,ดูโฮม,สมุทรปราการ,กรุงเทพฯและภาคกลาง,S01912,DH:THEPHARAK-SAMUTPRAKAN
เพชรเกษม,ดูโฮม,สมุทรสาคร,ภาคตะวันตกและตะวันออก,S00162,DH:PETCHKASEM
มหาชัย,ดูโฮม,สมุทรสาคร,ภาคตะวันตกและตะวันออก,S01584,DH:MAHACHAI-SAMUTSAKHON
หาดใหญ่,ดูโฮม,สงขลา,ภาคใต้,S00298,DH-HADYAI-SONGKHLA
สุราษฎร์ธานี,ดูโฮม,สุราษฎร์ธานี,ภาคใต้,S00252,DH-SURATTHANI
สุรินทร์,ดูโฮม,สุรินทร์,ภาคตะวันออกเฉียงเหนือ,S00281,DH-SURIN
อุบลราชธานี,ดูโฮม,อุบลราชธานี,ภาคตะวันออกเฉียงเหนือ,S00058,DH-UBONRATCHATHANI
อุดรธานี,ดูโฮม,อุดรธานี,ภาคตะวันออกเฉียงเหนือ,S00238,DH-UDONTHANI
อ่างทอง,โกลบอลเฮ้าส์,อ่างทอง,ภาคตะวันตกและตะวันออก,S00443,GH-ANGTHONG
อยุธยา,โกลบอลเฮ้าส์,พระนครศรีอยุธยา,ภาคตะวันตกและตะวันออก,S00450,GH-AYUTTHAYA
เดอะไนน์เซ็นเตอร์ติวานนท์,โกลบอลเฮ้าส์,กรุงเทพมหานคร,กรุงเทพฯและภาคกลาง,S00563,GH:THE_NINE_TIWANONT
บึงกาฬ,โกลบอลเฮ้าส์,บึงกาฬ,ภาคตะวันออกเฉียงเหนือ,S00384,GH-BUENGKAN
พรเจริญ,โกลบอลเฮ้าส์,บึงกาฬ,ภาคตะวันออกเฉียงเหนือ,S00311,GH-PRON_CHAROEN-BUENGKAN
นางรอง,โกลบอลเฮ้าส์,บุรีรัมย์,ภาคตะวันออกเฉียงเหนือ,S00444,GH-NANGRONG-BURIRUM
บุรีรัมย์,โกลบอลเฮ้าส์,บุรีรัมย์,ภาคตะวันออกเฉียงเหนือ,S00496,GH-BURIRAM
ลำปลายมาศ,โกลบอลเฮ้าส์,บุรีรัมย์,ภาคตะวันออกเฉียงเหนือ,S00588,GH-LAM_PHAI_MAT-BURIRAM
ชัยนาท,โกลบอลเฮ้าส์,ชัยนาท,ภาคตะวันตกและตะวันออก,S00440,GH-CHAINAT
ชัยภูมิ,โกลบอลเฮ้าส์,ชัยภูมิ,ภาคตะวันออกเฉียงเหนือ,S00418,GH-CHAIYAPHUM
จันทบุรี,โกลบอลเฮ้าส์,จันทบุรี,ภาคตะวันตกและตะวันออก,S00514,GH-CHANTHABURI
เวียงกุมกาม,โกลบอลเฮ้าส์,เชียงใหม่,ภาคเหนือ,S00380,GH-WIANG_KUM_KAM-CHIANGMAI
ฝาง,โกลบอลเฮ้าส์,เชียงใหม่,ภาคเหนือ,S00468,GH-FANG-CHIANGMAI
เชียงราย,โกลบอลเฮ้าส์,เชียงราย,ภาคเหนือ,S00368,GH-CHIANGRAI
เวียงป่าเป้า,โกลบอลเฮ้าส์,เชียงราย,ภาคเหนือ,S00475,GH-WIANG_PA_PAO-CHIANGRAI
แม่สาย,โกลบอลเฮ้าส์,เชียงราย,ภาคเหนือ,S00314,GH-MAESAI-CHIANGRAI
พาน เชียงราย,โกลบอลเฮ้าส์,เชียงราย,ภาคเหนือ,S00479,GH-PAN-CHIANGRAI
ชลบุรี,โกลบอลเฮ้าส์,ชลบุรี,ภาคตะวันตกและตะวันออก,S00452,GH-CHONBURI
ชุมพร,โกลบอลเฮ้าส์,ชุมพร,ภาคใต้,S00506,GH-CHUMPHON
กาฬสินธุ์,โกลบอลเฮ้าส์,กาฬสินธุ์,ภาคตะวันออกเฉียงเหนือ,S00348,GH-KALASIN
กุฉินารายณ์,โกลบอลเฮ้าส์,กาฬสินธุ์,ภาคตะวันออกเฉียงเหนือ,S00339,GH-KUCHINARAI-KALASIN
สมเด็จ,โกลบอลเฮ้าส์,กาฬสินธุ์,ภาคตะวันออกเฉียงเหนือ,S02246,GH-SOMDEJ-KALASIN
กำแพงเพชร,โกลบอลเฮ้าส์,กำแพงเพชร,ภาคเหนือ,S00469,GH-KAMPHAENGPHET
กาญจนบุรี,โกลบอลเฮ้าส์,กาญจนบุรี,ภาคตะวันตกและตะวันออก,S00492,GH-KANCHANABURI
กระนวน,โกลบอลเฮ้าส์,ขอนแก่น,ภาคตะวันออกเฉียงเหนือ,S00412,GH-KRANUAN-KHONKAEN
ขอนแก่น,โกลบอลเฮ้าส์,ขอนแก่น,ภาคตะวันออกเฉียงเหนือ,S00353,GH-KHONKAEN
ชุมแพ,โกลบอลเฮ้าส์,ขอนแก่น,ภาคตะวันออกเฉียงเหนือ,S00425,GH-CHUMPAE-KHONKAEN
บ้านไผ่,โกลบอลเฮ้าส์,ขอนแก่น,ภาคตะวันออกเฉียงเหนือ,S00581,GH-BAN_PHAI-KHONKAEN
ลำปาง,โกลบอลเฮ้าส์,ลำปาง,ภาคเหนือ,S00544,GH-LAMPANG
ลำพูน,โกลบอลเฮ้าส์,ลำพูน,ภาคเหนือ,S00528,GH-LAMPHUN
เลย,โกลบอลเฮ้าส์,เลย,ภาคตะวันออกเฉียงเหนือ,S00279,GH-LOEI
ลพบุรี,โกลบอลเฮ้าส์,ลพบุรี,ภาคตะวันตกและตะวันออก,S00525,GH-LOPBURI
แม่ฮ่องสอน,โกลบอลเฮ้าส์,แม่ฮ่องสอน,ภาคเหนือ,S00345,GH-MAEHONGSON
พยัคฆภูมิพิสัย,โกลบอลเฮ้าส์,มหาสารคาม,ภาคตะวันออกเฉียงเหนือ,S00316,GH-PHAYAKKHAPHUMPHISAI-MAHASARAKHAM
มหาสารคาม,โกลบอลเฮ้าส์,มหาสารคาม,ภาคตะวันออกเฉียงเหนือ,S00354,GH-MAHASARAKHAM
มุกดาหาร,โกลบอลเฮ้าส์,มุกดาหาร,ภาคตะวันออกเฉียงเหนือ,S00419,GH-MUKDAHAN
นครนายก,โกลบอลเฮ้าส์,นครนายก,ภาคตะวันตกและตะวันออก,S00358,GH-NAKHONNAYOK
นครปฐม,โกลบอลเฮ้าส์,นครปฐม,ภาคตะวันตกและตะวันออก,S00494,GH:NAKHONPATHOM
ศาลายา,โกลบอลเฮ้าส์,นครปฐม,ภาคตะวันตกและตะวันออก,S00537,GH:SALAYA-NAKHONPATHOM
นครพนม,โกลบอลเฮ้าส์,นครพนม,ภาคตะวันออกเฉียงเหนือ,S00276,GH-NAKHONPHANOM
โชคชัย,โกลบอลเฮ้าส์,นครราชสีมา,ภาคตะวันออกเฉียงเหนือ,S00374,GH-CHOK_CHAI-NAKHONRATCHASIMA
ด่านขุนทด,โกลบอลเฮ้าส์,นครราชสีมา,ภาคตะวันออกเฉียงเหนือ,S00355,GH-DANKHUNTHOT-NAKHONRATCHASIMA
นครราชสีมา,โกลบอลเฮ้าส์,นครราชสีมา,ภาคตะวันออกเฉียงเหนือ,S00285,GH-NAKHONRATCHASIMA
พิมาย,โกลบอลเฮ้าส์,นครราชสีมา,ภาคตะวันออกเฉียงเหนือ,S00396,GH-PHIMAI-NAKHONRATCHASIMA
นครสวรรค์,โกลบอลเฮ้าส์,นครสวรรค์,ภาคเหนือ,S00512,GH-NAKHONSAWAN
ลาดยาว นครสวรรค์,โกลบอลเฮ้าส์,นครสวรรค์,ภาคเหนือ,S02247,GH-LADYAO-NAKHONSAWAN
นครศรีธรรมราช,โกลบอลเฮ้าส์,นครศรีธรรมราช,ภาคใต้,S00400,GH-NAKHONSITHAMMARAT
เวียงสา,โกลบอลเฮ้าส์,น่าน,ภาคเหนือ,S02228,GH-WIANGSA-NAN
น่าน,โกลบอลเฮ้าส์,น่าน,ภาคเหนือ,S00408,GH-NAN
นราธิวาส,โกลบอลเฮ้าส์,นราธิวาส,ภาคใต้,S01183,GH-NARATHIWAT
หนองบัวลำภู,โกลบอลเฮ้าส์,หนองบัวลำภู,ภาคตะวันออกเฉียงเหนือ,S00381,GH-NONGBUALAMPHU
โพนพิสัย,โกลบอลเฮ้าส์,หนองคาย,ภาคตะวันออกเฉียงเหนือ,S02270,GH-PHONPHISAI-NONGKHAI
หนองคาย,โกลบอลเฮ้าส์,หนองคาย,ภาคตะวันออกเฉียงเหนือ,S00096,GH-NONGKHAI
ไทรน้อย,โกลบอลเฮ้าส์,นนทบุรี,กรุงเทพฯและภาคกลาง,S00435,GH:SAINOI-NONTHABUTI
ปทุมธานี 1,โกลบอลเฮ้าส์,ปทุมธานี,กรุงเทพฯและภาคกลาง,S00378,GH:PATHUMTHANI
ปัตตานี,โกลบอลเฮ้าส์,ปัตตานี,ภาคใต้,S00395,GH-PATTANI
พัทลุง,โกลบอลเฮ้าส์,พัทลุง,ภาคใต้,S00453,GH-PHATTHALUNG
เชียงคำ,โกลบอลเฮ้าส์,พะเยา,ภาคเหนือ,S02349,GH-CHIANG_KAM-PHAYAO
พะเยา,โกลบอลเฮ้าส์,พะเยา,ภาคเหนือ,S00330,GH-PHAYAO
เพชรบูรณ์,โกลบอลเฮ้าส์,เพชรบูรณ์,ภาคเหนือ,S00508,GH-PHETCHABUN
พิจิตร,โกลบอลเฮ้าส์,พิจิตร,ภาคเหนือ,S00448,GH-PHICHIT
พิษณุโลก,โกลบอลเฮ้าส์,พิษณุโลก,ภาคเหนือ,S00365,GH-PHITSANULOK
วังทอง,โกลบอลเฮ้าส์,พิษณุโลก,ภาคเหนือ,S02310,GH-WANGTHONG-PHITSANULOK
แพร่,โกลบอลเฮ้าส์,แพร่,ภาคเหนือ,S00328,GH-PHRAE
ภูเก็ต,โกลบอลเฮ้าส์,ภูเก็ต,ภาคใต้,S00212,GH-PHUKET
กบินทร์บุรี,โกลบอลเฮ้าส์,ปราจีนบุรี,ภาคตะวันตกและตะวันออก,S00438,GH-KRABINBURI-PRACHINBURI
ประจวบคีรีขันธ์,โกลบอลเฮ้าส์,ประจวบคีรีขันธ์,ภาคตะวันตกและตะวันออก,S00598,GH-PRACHUAPKHIRIKHAN
ปราณบุรี,โกลบอลเฮ้าส์,ประจวบคีรีขันธ์,ภาคตะวันตกและตะวันออก,S00376,GH-PRANBURI-PRACHUAPKHIRIKHAN
ระนอง,โกลบอลเฮ้าส์,ระนอง,ภาคใต้,S00269,GH-RANONG
ราชบุรี,โกลบอลเฮ้าส์,ราชบุรี,ภาคตะวันตกและตะวันออก,S00258,GH-RATCHABURI
ระยอง,โกลบอลเฮ้าส์,ระยอง,ภาคตะวันตกและตะวันออก,S00421,GH-RAYONG
โพนทอง,โกลบอลเฮ้าส์,ร้อยเอ็ด,ภาคตะวันออกเฉียงเหนือ,S00437,GH-PONE_THONG-ROIET
ร้อยเอ็ด,โกลบอลเฮ้าส์,ร้อยเอ็ด,ภาคตะวันออกเฉียงเหนือ,S00361,GH-ROIET
อรัญประเทศ,โกลบอลเฮ้าส์,สระแก้ว,ภาคตะวันตกและตะวันออก,S02350,GH-ARANYAPRATHET-SAKAEO
พังโคน สกลนคร,โกลบอลเฮ้าส์,สกลนคร,ภาคตะวันออกเฉียงเหนือ,S00197,GH-PHANG_KHON-SAKONNAKHON
สกลนคร,โกลบอลเฮ้าส์,สกลนคร,ภาคตะวันออกเฉียงเหนือ,S00387,GH-SAKONNAKHON
สว่างแดนดิน,โกลบอลเฮ้าส์,สกลนคร,ภาคตะวันออกเฉียงเหนือ,S00515,GH-SAWANGDAEDIN-SAKONNAKHON
เทพารักษ์,โกลบอลเฮ้าส์,สมุทรปราการ,กรุงเทพฯและภาคกลาง,S00426,GH:THEPHARAK-SAMUTPRAKAN
กระทุ่มแบน,โกลบอลเฮ้าส์,สมุทรสาคร,ภาคตะวันตกและตะวันออก,S00441,GH:KATUMBAN-SAMUTSAKHON
สมุทรสงคราม,โกลบอลเฮ้าส์,สมุทรสงคราม,ภาคตะวันตกและตะวันออก,S00397,GH-SAMUTSONGKHRAM
สตูล,โกลบอลเฮ้าส์,สตูล,ภาคใต้,S00460,GH-SATUN
สิงห์บุรี,โกลบอลเฮ้าส์,สิงห์บุรี,ภาคตะวันตกและตะวันออก,S00334,GH-SINGBURI
กันทรลักษ์,โกลบอลเฮ้าส์,ศรีสะเกษ,ภาคตะวันออกเฉียงเหนือ,S00379,GH-KANTARARAK-SISAKET
จะนะ สงขลา,โกลบอลเฮ้าส์,สงขลา,ภาคใต้,S00501,GH-JANA-SONGKHLA
สวรรคโลก,โกลบอลเฮ้าส์,สุโขทัย,ภาคเหนือ,S00558,GH-SAWANKHALOK-SUKHOTHAI
สุโขทัย,โกลบอลเฮ้าส์,สุโขทัย,ภาคเหนือ,S00423,GH-SUKHOTHAI
เกาะสมุย,โกลบอลเฮ้าส์,สุราษฎร์ธานี,ภาคใต้,S00125,GH-SAMUI-SURATTHANI
สุราษฎร์ธานี,โกลบอลเฮ้าส์,สุราษฎร์ธานี,ภาคใต้,S00524,GH-SURATTHANI
สุรินทร์,โกลบอลเฮ้าส์,สุรินทร์,ภาคตะวันออกเฉียงเหนือ,S00510,GH-SURIN
แม่สอด ตาก,โกลบอลเฮ้าส์,ตาก,ภาคเหนือ,S02046,GH-MAESOD-TAK
ตราด,โกลบอลเฮ้าส์,ตราด,ภาคตะวันตกและตะวันออก,S00260,GH-TRAT
เดชอุดม,โกลบอลเฮ้าส์,อุบลราชธานี,ภาคตะวันออกเฉียงเหนือ,S00407,GH-DECH_UDOM-UBONRATCHATHANI
ตระการพืชผล,โกลบอลเฮ้าส์,อุบลราชธานี,ภาคตะวันออกเฉียงเหนือ,S02347,GH-TRAKANPHUETPHON-UBONRATCHATHANI
ตระการพืชผล,โกลบอลเฮ้าส์,อุบลราชธานี,ภาคตะวันออกเฉียงเหนือ,S02355,GH-TRAKANPHUETPHON-UBONRATCHATHANI
อุบลราชธานี,โกลบอลเฮ้าส์,อุบลราชธานี,ภาคตะวันออกเฉียงเหนือ,S00455,GH-UBONRATCHATHANI
บ้านดุง อุดรธานี,โกลบอลเฮ้าส์,อุดรธานี,ภาคตะวันออกเฉียงเหนือ,S01239,GH-BANDUNG-UDONTHANI
บ้านตาด,โกลบอลเฮ้าส์,อุดรธานี,ภาคตะวันออกเฉียงเหนือ,S00256,GH-BAN_TAK-UDONTHANI
บ้านผือ อุดรธานี,โกลบอลเฮ้าส์,อุดรธานี,ภาคตะวันออกเฉียงเหนือ,S02348,GH-BANPHUE-UDONTHANI
หนองหาน,โกลบอลเฮ้าส์,อุดรธานี,ภาคตะวันออกเฉียงเหนือ,S00320,GH-NONGHAN-UDONTHANI
อุดรธานี,โกลบอลเฮ้าส์,อุดรธานี,ภาคตะวันออกเฉียงเหนือ,S00541,GH-UDONTHANI
อุตรดิตถ์,โกลบอลเฮ้าส์,อุตรดิตถ์,ภาคเหนือ,S00385,GH-UTTARADIT
เลิงนกทา ยโสธร,โกลบอลเฮ้าส์,ยโสธร,ภาคตะวันออกเฉียงเหนือ,S00478,GH-LENG_NOK_THA-YASOTHON
ยโสธร,โกลบอลเฮ้าส์,ยโสธร,ภาคตะวันออกเฉียงเหนือ,S00185,GH-YASOTHON
เมกาโฮม-โรจนะ,โฮมโปร,พระนครศรีอยุธยา,ภาคตะวันตกและตะวันออก,S00107,HP.MH-ROJANA-AYUTTHAYA
อยุธยา,โฮมโปร,พระนครศรีอยุธยา,ภาคตะวันตกและตะวันออก,S00046,HP-AYUTTHAYA
เกตเวย์ เอกมัย,โฮมโปร,กรุงเทพมหานคร,กรุงเทพฯและภาคกลาง,S00584,HP:GATEWAY_EKAMAI
เกตเวย์ บางซื่อ,โฮมโปร,กรุงเทพมหานคร,กรุงเทพฯและภาคกลาง,S00539,HP:GATEWAY_BANGSUE
เกตเวย์ บางซื่อ-เพาเวอร์ไลฟ์,โฮมโปร,กรุงเทพมหานคร,กรุงเทพฯและภาคกลาง,S00883,HP:GATEWAY_BANGSUE(POWER_LIFE)
เพชรเกษม,โฮมโปร,กรุงเทพมหานคร,กรุงเทพฯและภาคกลาง,S00060,HP:PHETKASEM
เพลินจิต,โฮมโปร,กรุงเทพมหานคร,กรุงเทพฯและภาคกลาง,S00192,HP:PLEONJIT
เมกาโฮม-บางนาตราด,โฮมโปร,กรุงเทพมหานคร,กรุงเทพฯและภาคกลาง,S00157,HP.MH:BANGNA_TRAD
เมกาโฮม-บางพลี,โฮมโปร,กรุงเทพมหานคร,กรุงเทพฯและภาคกลาง,S00121,HP.MH:BANGPLEE
เมกาโฮม-มีนบุรี,โฮมโปร,กรุงเทพมหานคร,กรุงเทพฯและภาคกลาง,S00077,HP.MH:MINBURI
เมกาโฮม-รัตนาธิเบศร์,โฮมโปร,กรุงเทพมหานคร,กรุงเทพฯและภาคกลาง,S00101,HP.MH:RATTHANATHIBET
เอกมัย-รามอินทรา,โฮมโปร,กรุงเทพมหานคร,กรุงเทพฯและภาคกลาง,S00023,HP:EKKAMAI_RAMINTRA
แฟชั่นไอส์แลนด์,โฮมโปร,กรุงเทพมหานคร,กรุงเทพฯและภาคกลาง,S00533,HP:CENTRAL_FASHION_ISLAND
แฟชั่นไอส์แลนด์,โฮมโปร,กรุงเทพมหานคร,กรุงเทพฯและภาคกลาง,S00004,HP:FASHION_ISLAND
โลตัส บางแค,โฮมโปร,กรุงเทพมหานคร,กรุงเทพฯและภาคกลาง,S00689,HP:LOTUS_BANGKAE
กัลปพฤกษ์,โฮมโปร,กรุงเทพมหานคร,กรุงเทพฯและภาคกลาง,S00084,HP:KALLAPRAPRUK
จรัญสนิทวงศ์,โฮมโปร,กรุงเทพมหานคร,กรุงเทพฯและภาคกลาง,S00034,HP:CHARANSANITWONG
ซีคอน บางแค,โฮมโปร,กรุงเทพมหานคร,กรุงเทพฯและภาคกลาง,S00091,HP:SEACON_BANGKAE
บางจาก-กล้วยน้ำไท,โฮมโปร,กรุงเทพมหานคร,กรุงเทพฯและภาคกลาง,S02218,HP:BANGCHAK_KLUY_NUM_TAI
บางนา กม.1,โฮมโปร,กรุงเทพมหานคร,กรุงเทพฯและภาคกลาง,S00011,HP:BANGNA_TRAD_KM_1
พระราม 2,โฮมโปร,กรุงเทพมหานคร,กรุงเทพฯและภาคกลาง,S00003,HP:RAMA2
พระราม 3,โฮมโปร,กรุงเทพมหานคร,กรุงเทพฯและภาคกลาง,S00054,HP:RAMA3
พระราม 9,โฮมโปร,กรุงเทพมหานคร,กรุงเทพฯและภาคกลาง,S00052,HP:RAMA9
พาราไดซ์ พาร์ค,โฮมโปร,กรุงเทพมหานคร,กรุงเทพฯและภาคกลาง,S00031,HP:PARADISE_PARK
มาร์เก็ตเพลส นางลิ้นจี่,โฮมโปร,กรุงเทพมหานคร,กรุงเทพฯและภาคกลาง,S00640,HP:MARKET_PLACE-NANG_LIN_JEE
รัชดาภิเษก,โฮมโปร,กรุงเทพมหานคร,กรุงเทพฯและภาคกลาง,S00074,HP:RATCHADA
รามคำแหง,โฮมโปร,กรุงเทพมหานคร,กรุงเทพฯและภาคกลาง,S00078,HP:RAMKAMHANG
ลาดกระบัง,โฮมโปร,กรุงเทพมหานคร,กรุงเทพฯและภาคกลาง,S00012,HP:LADKRABANG
ลาดพร้าว,โฮมโปร,กรุงเทพมหานคร,กรุงเทพฯและภาคกลาง,S00045,HP:LADPRAO
ศรีนครินทร์,โฮมโปร,กรุงเทพมหานคร,กรุงเทพฯและภาคกลาง,S00020,HP:SRINAKARIN
สามย่าน มิตรทาวน์,โฮมโปร,กรุงเทพมหานคร,กรุงเทพฯและภาคกลาง,S00614,HP:SAMYAN_MITRTOWN
สุขาภิบาล 3,โฮมโปร,กรุงเทพมหานคร,กรุงเทพฯและภาคกลาง,S00467,HP:SUKHAPIBAN3
บุรีรัมย์,โฮมโปร,บุรีรัมย์,ภาคตะวันออกเฉียงเหนือ,S00061,HP-BURIRAM
เมกาโฮม-ฉะเชิงเทรา,โฮมโปร,ฉะเชิงเทรา,ภาคตะวันตกและตะวันออก,S00245,HP.MH-CHACHOENGSAO
ฉะเชิงเทรา,โฮมโปร,ฉะเชิงเทรา,ภาคตะวันตกและตะวันออก,S00025,HP-CHACHOENGSAO
ชัยภูมิ,โฮมโปร,ชัยภูมิ,ภาคตะวันออกเฉียงเหนือ,S00275,HP-CHAIYAPHUM
จันทบุรี,โฮมโปร,จันทบุรี,ภาคตะวันตกและตะวันออก,S00027,HP-CHANTHABURI
เชียงใหม่,โฮมโปร,เชียงใหม่,ภาคเหนือ,S00201,HP-BIG_C-CHIANGMAI
เมกาโฮม-เชียงใหม่,โฮมโปร,เชียงใหม่,ภาคเหนือ,S00092,HP.MH-CHIANGMAI
รวมโชค เชียงใหม่,โฮมโปร,เชียงใหม่,ภาคเหนือ,S00476,HP-RUAMCHOK-CHIANGMAI
สันทราย,โฮมโปร,เชียงใหม่,ภาคเหนือ,S00010,HP-SANSAI-CHAINGMAI
หางดง,โฮมโปร,เชียงใหม่,ภาคเหนือ,S00044,HP-HANGDONG-CHIANGMAI
เชียงราย,โฮมโปร,เชียงราย,ภาคเหนือ,S00259,HP-CHIANGRAI
เมกาโฮม-เชียงราย,โฮมโปร,เชียงราย,ภาคเหนือ,S00225,HP.MH-CHIANGRAI
แม่สาย,โฮมโปร,เชียงราย,ภาคเหนือ,S01828,HP-MAE_SAI-CHIANGRAI
เมกาโฮม-บ่อวิน,โฮมโปร,ชลบุรี,ภาคตะวันตกและตะวันออก,S00022,HP.MH-BORWIN-CHONBURI
เมกาโฮม-บางแสน,โฮมโปร,ชลบุรี,ภาคตะวันตกและตะวันออก,S00120,HP.MH-BANGSAN-CHONBURI
เมกาโฮม-พัทยา,โฮมโปร,ชลบุรี,ภาคตะวันตกและตะวันออก,S00112,HP.MH-PATTAYA-CHONBURI
แหลมฉบัง,โฮมโปร,ชลบุรี,ภาคตะวันตกและตะวันออก,S02242,HP-LAEM_CHABANG-CHONBURI
ชลบุรี,โฮมโปร,ชลบุรี,ภาคตะวันตกและตะวันออก,S00196,HP-CHONBURI
บางเสร่,โฮมโปร,ชลบุรี,ภาคตะวันตกและตะวันออก,S00164,HP-BANGSARAY-CHONBURI
พัทยา,โฮมโปร,ชลบุรี,ภาคตะวันตกและตะวันออก,S00081,HP-BIG_C-PATTAYA_CENTER-CHONBURI
พัทยาเหนือ,โฮมโปร,ชลบุรี,ภาคตะวันตกและตะวันออก,S00033,HP-NORTH_PATTAYA-CHONBURI
ศรีราชา,โฮมโปร,ชลบุรี,ภาคตะวันตกและตะวันออก,S00105,HP-SRIRACHA-CHONBURI
อมตะนคร,โฮมโปร,ชลบุรี,ภาคตะวันตกและตะวันออก,S00050,HP-AMATANAKORN-CHONBURI
ชุมพร,โฮมโปร,ชุมพร,ภาคใต้,S00049,HP-CHUMPHON
กาญจนบุรี,โฮมโปร,กาญจนบุรี,ภาคตะวันตกและตะวันออก,S00286,HP-KANCHANABURI
ขอนแก่น,โฮมโปร,ขอนแก่น,ภาคตะวันออกเฉียงเหนือ,S00038,HP-KHONKAEN
เกาะลันตา,โฮมโปร,กระบี่,ภาคใต้,S00570,HP-KHO_LANTA-KRABI
กระบี่,โฮมโปร,กระบี่,ภาคใต้,S00036,HP-KRABI
ลำปาง,โฮมโปร,ลำปาง,ภาคเหนือ,S00391,HP-LAMPANG
ลำพูน,โฮมโปร,ลำพูน,ภาคเหนือ,S00343,HP-LAMPHUN
เลย,โฮมโปร,เลย,ภาคตะวันออกเฉียงเหนือ,S00026,HP-LOEI
ชัยบาดาล,โฮมโปร,ลพบุรี,ภาคตะวันตกและตะวันออก,S01174,HP-CHAIBADAN-LOPBURI
ลพบุรี,โฮมโปร,ลพบุรี,ภาคตะวันตกและตะวันออก,S00394,HP-LOPBURI
มุกดาหาร,โฮมโปร,มุกดาหาร,ภาคตะวันออกเฉียงเหนือ,S00132,HP-MUKDAHAN
เมกาโฮม-นครปฐม,โฮมโปร,นครปฐม,ภาคตะวันตกและตะวันออก,S00194,HP.MH:NAKHONPATHOM
กำแพงแสน,โฮมโปร,นครปฐม,ภาคตะวันตกและตะวันออก,S00843,HP:KAMPHAENG_SAEN-NAKHONPATHOM
นครปฐม,โฮมโปร,นครปฐม,ภาคตะวันตกและตะวันออก,S00080,HP:NAKHONPATHOM
พุทธมณฑล สาย 5,โฮมโปร,นครปฐม,ภาคตะวันตกและตะวันออก,S00024,HP:PHUTTAMONTHON_SAI_5-NAKHONPATHOM
พุทธมณฑล สาย 4,โฮมโปร,นครปฐม,ภาคตะวันตกและตะวันออก,S02211,HP:PHUTTAMONTHON_SAI_4-NAKHONPATHOM
เมกาโฮม-นครพนม,โฮมโปร,นครพนม,ภาคตะวันออกเฉียงเหนือ,S00173,HP.MH-NAKHONPHANOM
เขาใหญ่,โฮมโปร,นครราชสีมา,ภาคตะวันออกเฉียงเหนือ,S00015,HP-KHAOYAI-NAKHONRATCHASIMA
เทอร์มินอล 21 โคราช-โฮมลีฟวิ่ง,โฮมโปร,นครราชสีมา,ภาคตะวันออกเฉียงเหนือ,S00277,HP-TERMINAL21-NAKHONRATCHASIMA
เมกาโฮม-นครราชสีมา,โฮมโปร,นครราชสีมา,ภาคตะวันออกเฉียงเหนือ,S00755,HP.MH-NAKHONRATCHASIMA
นครราชสีมา,โฮมโปร,นครราชสีมา,ภาคตะวันออกเฉียงเหนือ,S00124,HP-NAKHONRATCHASIMA
นครราชสีมา (หัวทะเล),โฮมโปร,นครราชสีมา,ภาคตะวันออกเฉียงเหนือ,S00160,HP-HUATALEY-NAKHONRATCHASIMA
นครสวรรค์,โฮมโปร,นครสวรรค์,ภาคเหนือ,S00198,HP-NAKHONSAWAN
เมกาโฮม-ทุ่งสง,โฮมโปร,นครศรีธรรมราช,ภาคใต้,S00151,HP.MH-TUNGSONG-NAKHONSITHAMMARAT
ขนอม,โฮมโปร,นครศรีธรรมราช,ภาคใต้,S01685,HP-KHANOM-NAKHONSITHAMMARAT
นครศรีธรรมราช,โฮมโปร,นครศรีธรรมราช,ภาคใต้,S00351,HP-NAKHONSITHAMMARAT
เมกาโฮม-หนองคาย,โฮมโปร,หนองคาย,ภาคตะวันออกเฉียงเหนือ,S00073,HP.MH-NONGKHAI
เมกาโฮม-ติวานนท์,โฮมโปร,นนทบุรี,กรุงเทพฯและภาคกลาง,S00075,HP.MH:TIWANON-NONTHABURI
แจ้งวัฒนะ,โฮมโปร,นนทบุรี,กรุงเทพฯและภาคกลาง,S00267,HP:CHANGWATTANA
ชัยพฤกษ์,โฮมโปร,นนทบุรี,กรุงเทพฯและภาคกลาง,S00013,HP:CHAIYAPHRUEK
บางจาก-บางบัวทอง,โฮมโปร,นนทบุรี,กรุงเทพฯและภาคกลาง,S00846,HP:BANGJAK-BANGBUATHONG
บางบัวทอง,โฮมโปร,นนทบุรี,กรุงเทพฯและภาคกลาง,S00070,HP:BANGBUATHONG-NONTHABURI
ประชาชื่น,โฮมโปร,นนทบุรี,กรุงเทพฯและภาคกลาง,S00040,HP:PRACHACHUEN
รัตนาธิเบศร์,โฮมโปร,นนทบุรี,กรุงเทพฯและภาคกลาง,S00083,HP:RATTANATHIBATE-NONTHABURI
ราชพฤกษ์,โฮมโปร,นนทบุรี,กรุงเทพฯและภาคกลาง,S00028,HP:RATCHAPRUK
เมกาโฮม-รังสิต,โฮมโปร,ปทุมธานี,กรุงเทพฯและภาคกลาง,S00039,HP.MH:RANGSIT
ฟิวเจอร์พาร์ค รังสิต,โฮมโปร,ปทุมธานี,กรุงเทพฯและภาคกลาง,S00001,HP:FUTURE_PARK-RANGSIT
รังสิต,โฮมโปร,ปทุมธานี,กรุงเทพฯและภาคกลาง,S00884,HP:FUTURE_PARK-RANGSIT(S001)
รังสิต คลอง 4,โฮมโปร,ปทุมธานี,กรุงเทพฯและภาคกลาง,S00032,HP:RANGSIT_KLONG4
รังสิต-ปทุมธานี,โฮมโปร,ปทุมธานี,กรุงเทพฯและภาคกลาง,S01829,HP.MH:RANGSIT(M710)
ลำลูกกา,โฮมโปร,ปทุมธานี,กรุงเทพฯและภาคกลาง,S00055,HP:LAMLUKKA-PATHUMTHANI
พัทลุง,โฮมโปร,พัทลุง,ภาคใต้,S00117,HP-PHATTHALUNG
เพชรบูรณ์,โฮมโปร,เพชรบูรณ์,ภาคเหนือ,S00139,HP-PHETCHABUN
เพชรบุรี,โฮมโปร,เพชรบุรี,ภาคตะวันตกและตะวันออก,S00115,HP-PHETCHABURI
ชะอำ,โฮมโปร,เพชรบุรี,ภาคตะวันตกและตะวันออก,S00852,HP-CHA_AM-PHETCHABURI
พิษณุโลก,โฮมโปร,พิษณุโลก,ภาคเหนือ,S00359,HP-PHITSANULOK
แพร่,โฮมโปร,แพร่,ภาคเหนือ,S00153,HP-PHRAE
เจ้าฟ้า ภูเก็ต,โฮมโปร,ภูเก็ต,ภาคใต้,S00059,HP-CHAOFHA-PHUKET
เชิงทะเล ภูเก็ต,โฮมโปร,ภูเก็ต,ภาคใต้,S00484,HP-CHOENG_THALE-PHUKET
ฉลอง ภูเก็ต,โฮมโปร,ภูเก็ต,ภาคใต้,S00009,HP-CHALONG-PHUKET
ถลาง ภูเก็ต,โฮมโปร,ภูเก็ต,ภาคใต้,S00068,HP-THALANG-PHUKET
ภูเก็ต,โฮมโปร,ภูเก็ต,ภาคใต้,S00065,HP-PHUKET
เมกาโฮม-กบินทร์บุรี,โฮมโปร,ปราจีนบุรี,ภาคตะวันตกและตะวันออก,S00087,HP.MH-KRABINBURI-PRACHINBURI
ปราจีนบุรี,โฮมโปร,ปราจีนบุรี,ภาคตะวันตกและตะวันออก,S00182,HP-PRACHINBURI
ประจวบคีรีขันธ์,โฮมโปร,ประจวบคีรีขันธ์,ภาคตะวันตกและตะวันออก,S00239,HP-PRACHUAPKHIRIKHAN
หัวหิน,โฮมโปร,ประจวบคีรีขันธ์,ภาคตะวันตกและตะวันออก,S00017,HP-HUAHIN-PRACHUAPKHIRIKHAN
จอมบึง,โฮมโปร,ราชบุรี,ภาคตะวันตกและตะวันออก,S01441,HP-CHOMBUENG-RATCHABURI
ราชบุรี,โฮมโปร,ราชบุรี,ภาคตะวันตกและตะวันออก,S00018,HP-RATCHABURI
เมกาโฮม-บ้านฉาง,โฮมโปร,ระยอง,ภาคตะวันตกและตะวันออก,S00123,HP.MH-BANCHANG-RAYONG
เมกาโฮม-ปลวกแดง,โฮมโปร,ระยอง,ภาคตะวันตกและตะวันออก,S00037,HP.MH-PLUAK_DAENG-RAYONG
ระยอง,โฮมโปร,ระยอง,ภาคตะวันตกและตะวันออก,S00111,HP-RAYONG
ระยอง (ทับมา),โฮมโปร,ระยอง,ภาคตะวันตกและตะวันออก,S00184,HP-THAB_MA-RAYONG
ร้อยเอ็ด,โฮมโปร,ร้อยเอ็ด,ภาคตะวันออกเฉียงเหนือ,S00089,HP-ROIET
เมกาโฮม-อรัญประเทศ,โฮมโปร,สระแก้ว,ภาคตะวันตกและตะวันออก,S00014,HP.MH-ARANYAPRATHET
สกลนคร,โฮมโปร,สกลนคร,ภาคตะวันออกเฉียงเหนือ,S00069,HP-SAKONNAKHON
เมกาบางนา,โฮมโปร,สมุทรปราการ,กรุงเทพฯและภาคกลาง,S00002,HP:MEGA_BANGNA
สุขสวัสดิ์,โฮมโปร,สมุทรปราการ,กรุงเทพฯและภาคกลาง,S00006,HP:SUKSAWAD
สุวรรณภูมิ,โฮมโปร,สมุทรปราการ,กรุงเทพฯและภาคกลาง,S00005,HP:SUVARNBHUMI
มหาชัย,โฮมโปร,สมุทรสาคร,ภาคตะวันตกและตะวันออก,S00016,HP:MAHACHAI-SAMUTSAKHON
สมุทรสงคราม,โฮมโปร,สมุทรสงคราม,ภาคตะวันตกและตะวันออก,S00227,HP-SAMUTSONGKHRAM
สระบุรี,โฮมโปร,สระบุรี,ภาคตะวันตกและตะวันออก,S00063,HP-SARABURI
เมกาโฮม-หาดใหญ่,โฮมโปร,สงขลา,ภาคใต้,S00746,HP.MH-HADYAI-SONGKHLA
หาดใหญ่,โฮมโปร,สงขลา,ภาคใต้,S00155,HP-HADYAI-SONGKHLA
หาดใหญ่ กาญจนวนิช ,โฮมโปร,สงขลา,ภาคใต้,S00119,HP-HADYAI_2-SONGKHLA
สุโขทัย,โฮมโปร,สุโขทัย,ภาคเหนือ,S00341,HP-SUKHOTHAI
สุพรรณบุรี,โฮมโปร,สุพรรณบุรี,ภาคตะวันตกและตะวันออก,S00318,HP-SUPHANBURI
เกาะพะงัน,โฮมโปร,สุราษฎร์ธานี,ภาคใต้,S02210,HP-PHANGAN-SURATTHANI
เกาะสมุย,โฮมโปร,สุราษฎร์ธานี,ภาคใต้,S00224,HP-SAMUI-SURATTHANI
เกาะสมุย 2,โฮมโปร,สุราษฎร์ธานี,ภาคใต้,S02256,HP-SAMUI_2-SURATTHANI
เมกาโฮม-เวียงสระ,โฮมโปร,สุราษฎร์ธานี,ภาคใต้,S02241,HP.MH-WIANG_SA-SURATTHANI
เมกาโฮม-สุราษฎร์ธานี,โฮมโปร,สุราษฎร์ธานี,ภาคใต้,S00072,HP.MH-SURATTHANI
สุราษฎร์ธานี (เลี่ยงเมือง),โฮมโปร,สุราษฎร์ธานี,ภาคใต้,S00041,HP-SURATTHANI
สุรินทร์,โฮมโปร,สุรินทร์,ภาคตะวันออกเฉียงเหนือ,S00056,HP-SURIN
เมกาโฮม-แม่สอด,โฮมโปร,ตาก,ภาคเหนือ,S00029,HP.MH-MAESOD-TAK
ตรัง,โฮมโปร,ตรัง,ภาคใต้,S00067,HP-TRANG
อุบลราชธานี,โฮมโปร,อุบลราชธานี,ภาคตะวันออกเฉียงเหนือ,S00127,HP-UBONRATCHATHANI
หนองหาน,โฮมโปร,อุดรธานี,ภาคตะวันออกเฉียงเหนือ,S01188,HP-NONGHAN-UDONTHANI
อุดรธานี,โฮมโปร,อุดรธานี,ภาคตะวันออกเฉียงเหนือ,S00064,HP-UDONTHANI
อ่างทอง,โลตัส,อ่างทอง,ภาคตะวันตกและตะวันออก,S00783,LT-ANGTHONG
เสนา อยุธยา,โลตัส,พระนครศรีอยุธยา,ภาคตะวันตกและตะวันออก,S00605,LT-SENA-AYUTTHAYA
โรจนะ อยุธยา,โลตัส,พระนครศรีอยุธยา,ภาคตะวันตกและตะวันออก,S00642,LT-ROJANA-AYUTTHAYA
บางประอิน อยุธยา,โลตัส,พระนครศรีอยุธยา,ภาคตะวันตกและตะวันออก,S00811,LT-BANG_PA_IN-AYUTTHAYA
อยุธยา,โลตัส,พระนครศรีอยุธยา,ภาคตะวันตกและตะวันออก,S00466,LT-AYUTTHAYA_PARK-AYUTTHAYA
เลียบคลอง 2,โลตัส,กรุงเทพมหานคร,กรุงเทพฯและภาคกลาง,S01035,LT:LIAP_KHLONG_2
แจ้งวัฒนะ,โลตัส,กรุงเทพมหานคร,กรุงเทพฯและภาคกลาง,S00564,LT:CHANGWATTANA
ไอคอนสยาม,โลตัส,กรุงเทพมหานคร,กรุงเทพฯและภาคกลาง,S00848,LT:ICS_BANGKOK
จรัญสนิทวงศ์,โลตัส,กรุงเทพมหานคร,กรุงเทพฯและภาคกลาง,S00502,LT:CHARUNSANITWONG
ซีคอน ศรีนครินทร์,โลตัส,กรุงเทพมหานคร,กรุงเทพฯและภาคกลาง,S00594,LT:SEACON_SQUARE
บางแค,โลตัส,กรุงเทพมหานคร,กรุงเทพฯและภาคกลาง,S00722,LT:BANGKAE
บางกะปิ,โลตัส,กรุงเทพมหานคร,กรุงเทพฯและภาคกลาง,S00474,LT:BANGKAPI
บางนา-ตราด,โลตัส,กรุงเทพมหานคร,กรุงเทพฯและภาคกลาง,S00472,LT:BANGNA
บางปะกอก,โลตัส,กรุงเทพมหานคร,กรุงเทพฯและภาคกลาง,S00604,LT:BANGPAKOK
ประชาชื่น,โลตัส,กรุงเทพมหานคร,กรุงเทพฯและภาคกลาง,S00488,LT:PRACHACHUEN
ปิ่นเกล้า,โลตัส,กรุงเทพมหานคร,กรุงเทพฯและภาคกลาง,S00778,LT:PINKLAO
พระราม 1,โลตัส,กรุงเทพมหานคร,กรุงเทพฯและภาคกลาง,S00461,LT:RAMA1
พระราม 2,โลตัส,กรุงเทพมหานคร,กรุงเทพฯและภาคกลาง,S00392,LT:RAMA2
พระราม 3,โลตัส,กรุงเทพมหานคร,กรุงเทพฯและภาคกลาง,S00534,LT:RAMA3
พระราม 4,โลตัส,กรุงเทพมหานคร,กรุงเทพฯและภาคกลาง,S00597,LT:RAMA4
พัฒนาการ,โลตัส,กรุงเทพมหานคร,กรุงเทพฯและภาคกลาง,S00635,LT:PHATTHANAKAN
ฟอร์จูนทาว,โลตัส,กรุงเทพมหานคร,กรุงเทพฯและภาคกลาง,S00705,LT:FORTUNE
มีนบุรี,โลตัส,กรุงเทพมหานคร,กรุงเทพฯและภาคกลาง,S00507,LT:MINBURI
รามอินทรา,โลตัส,กรุงเทพมหานคร,กรุงเทพฯและภาคกลาง,S00301,LT:RAMINTRA
ลาดกระบัง,โลตัส,กรุงเทพมหานคร,กรุงเทพฯและภาคกลาง,S00988,LT:LADKRABANG
ลาดพร้าว,โลตัส,กรุงเทพมหานคร,กรุงเทพฯและภาคกลาง,S00516,LT:LADPRAO
วังหิน,โลตัส,กรุงเทพมหานคร,กรุงเทพฯและภาคกลาง,S00794,LT:WANG_HIN
สุขาภิบาล 3,โลตัส,กรุงเทพมหานคร,กรุงเทพฯและภาคกลาง,S00543,LT:SUKHAPIBAN3
สุขาภิบาล I,โลตัส,กรุงเทพมหานคร,กรุงเทพฯและภาคกลาง,S00324,LT:SUKHAPIBAN1
สุขุมวิท 50,โลตัส,กรุงเทพมหานคร,กรุงเทพฯและภาคกลาง,S00428,LT:SUKHUMVIT50
หนองจอก,โลตัส,กรุงเทพมหานคร,กรุงเทพฯและภาคกลาง,S00545,LT:NONGJOK
หลักสี่,โลตัส,กรุงเทพมหานคร,กรุงเทพฯและภาคกลาง,S00446,LT:LAKSI
บึงกาฬ,โลตัส,บึงกาฬ,ภาคตะวันออกเฉียงเหนือ,S00760,LT-BUENGKAN
นางโรง บุรีรัมย์,โลตัส,บุรีรัมย์,ภาคตะวันออกเฉียงเหนือ,S00650,LT-NANG_RUNG-BURIRAM
ปักโคนชัย บุรีรัมย์,โลตัส,บุรีรัมย์,ภาคตะวันออกเฉียงเหนือ,S00687,LT-PRAKHONCHAI-BURIRAM
ลำปลายมาศ,โลตัส,บุรีรัมย์,ภาคตะวันออกเฉียงเหนือ,S00574,LT-LAM_PLAI_MAT-BURIRAM
สะตึก บุรีรัมย์,โลตัส,บุรีรัมย์,ภาคตะวันออกเฉียงเหนือ,S00779,LT-SATUEK-BURIRAM
บางปะกง,โลตัส,ฉะเชิงเทรา,ภาคตะวันตกและตะวันออก,S00805,LT-BANGPAKONG-CHACHOENGSAO
พนมสารคาม ฉะเชิงเทรา,โลตัส,ฉะเชิงเทรา,ภาคตะวันตกและตะวันออก,S00623,LT-PANOMSARAKARM-CHACHOENGSAO
ชัยนาท,โลตัส,ชัยนาท,ภาคตะวันตกและตะวันออก,S00375,LT-CHAINAT
แก่งค้อ ชัยภูมิ,โลตัส,ชัยภูมิ,ภาคตะวันออกเฉียงเหนือ,S00647,LT-KAENG_KHRO-CHAIYAPHUM
จัตุรัส ชัยภูมิ,โลตัส,ชัยภูมิ,ภาคตะวันออกเฉียงเหนือ,S00700,LT-CHATURAT-CHAIYAPHUM
ชัยภูมิ,โลตัส,ชัยภูมิ,ภาคตะวันออกเฉียงเหนือ,S00766,LT-CHAIYAPHUM
จันทบุรี,โลตัส,จันทบุรี,ภาคตะวันตกและตะวันออก,S00567,LT-CHANTHABURI
เชียงใหม่,โลตัส,เชียงใหม่,ภาคเหนือ,S00465,LT-HANGDONG-CHIANGMAI
คำเที่ยง เชียงใหม่,โลตัส,เชียงใหม่,ภาคเหนือ,S00495,LT-KAMTIANG-CHIANGMAI
จอมทอง,โลตัส,เชียงใหม่,ภาคเหนือ,S00666,LT-CHOMTHONG-CHIANGMAI
ซูเปอร์มาร์เก็ต โอเอซิส สารภี เชียง ใหม่,โลตัส,เชียงใหม่,ภาคเหนือ,S02262,LT-OASIS_SARAPHI-CHIANGMAI
ฝาง,โลตัส,เชียงใหม่,ภาคเหนือ,S00569,LT-FANG-CHIANGMAI
รวมโชค เชียงใหม่,โลตัส,เชียงใหม่,ภาคเหนือ,S00459,LT-RUAMCHOK-CHIANGMAI
เชียงของ เชียงราย,โลตัส,เชียงราย,ภาคเหนือ,S00652,LT-CHIANG_KONG-CHIANGRAI
แม่จัน เชียงราย,โลตัส,เชียงราย,ภาคเหนือ,S00802,LT-MAE_CHAN-CHIANGRAI
แม่สาย,โลตัส,เชียงราย,ภาคเหนือ,S00645,LT-MAESAI-CHAINGRAI
แหลมฉบัง,โลตัส,ชลบุรี,ภาคตะวันตกและตะวันออก,S00382,LT-LAMCHABANG-CHONBURI
ชลบุรี,โลตัส,ชลบุรี,ภาคตะวันตกและตะวันออก,S00242,LT-CHONBURI
บ่อวิน,โลตัส,ชลบุรี,ภาคตะวันตกและตะวันออก,S00221,LT-BORWIN-CHONBURI
บ้านบึง ชลบุรี,โลตัส,ชลบุรี,ภาคตะวันตกและตะวันออก,S00254,LT-BANBUENG-CHONBURI
บ้านสวน ชลบุรี,โลตัส,ชลบุรี,ภาคตะวันตกและตะวันออก,S00742,LT-BAN_SUAN-CHONBURI
พนัสนิคม ชลบุรี,โลตัส,ชลบุรี,ภาคตะวันตกและตะวันออก,S00616,LT-PANUS_NIKHOM-CHONBURI
พัทยา,โลตัส,ชลบุรี,ภาคตะวันตกและตะวันออก,S00489,LT-SOUTH_PATTAYA-CHONBURI
พัทยาเหนือ,โลตัส,ชลบุรี,ภาคตะวันตกและตะวันออก,S00693,LT-NORTH_PATTAYA-CHONBURI
ศรีราชา ชลบุรี,โลตัส,ชลบุรี,ภาคตะวันตกและตะวันออก,S02251,LT-SRIRACHA-CHONBURI
สนามบินอู่ตะเภา ชลบุรี,โลตัส,ชลบุรี,ภาคตะวันตกและตะวันออก,S00840,LT-U-THAPAO_AIRPORT-CHONBURI
สัตหีบ,โลตัส,ชลบุรี,ภาคตะวันตกและตะวันออก,S00730,LT-SATTAHIP-CHONBURI
อมตะนคร,โลตัส,ชลบุรี,ภาคตะวันตกและตะวันออก,S00487,LT-AMATANAKORN-CHONBURI
ชุมพร,โลตัส,ชุมพร,ภาคใต้,S00571,LT-CHUMPHON
หลังสวน ชุมพร,โลตัส,ชุมพร,ภาคใต้,S00677,LT-LUNGSUAN-CHUMPHON
กาฬสินธุ์,โลตัส,กาฬสินธุ์,ภาคตะวันออกเฉียงเหนือ,S00304,LT-KALASIN
กุฉินารายณ์,โลตัส,กาฬสินธุ์,ภาคตะวันออกเฉียงเหนือ,S00608,LT-KUCHINARAI-KALASIN
สมเด็จ,โลตัส,กาฬสินธุ์,ภาคตะวันออกเฉียงเหนือ,S00655,LT-SOMDET-KALASIN
กนุวรลักษณ์ กำแพงเพชร,โลตัส,กำแพงเพชร,ภาคเหนือ,S00599,LT-KANUWORALUKBURI-KAMPHAENGPHET
กาญจนบุรี,โลตัส,กาญจนบุรี,ภาคตะวันตกและตะวันออก,S00504,LT-KANCHANABURI
ขอนแก่น,โลตัส,ขอนแก่น,ภาคตะวันออกเฉียงเหนือ,S00579,LT-KHONKAEN
ชุมแพ,โลตัส,ขอนแก่น,ภาคตะวันออกเฉียงเหนือ,S00303,LT-CHUMPAE-KHONKAEN
บ้านศิลา ขอนแก่น,โลตัส,ขอนแก่น,ภาคตะวันออกเฉียงเหนือ,S00582,LT-BAAN_SILA-KHONKAEN
หนองเรือ ขอนแก่น,โลตัส,ขอนแก่น,ภาคตะวันออกเฉียงเหนือ,S00619,LT-NONG_RUA-KHONKAEN
กระบี่,โลตัส,กระบี่,ภาคใต้,S00383,LT-KRABI
ลำปาง,โลตัส,ลำปาง,ภาคเหนือ,S00721,LT-LAMPANG
เลย,โลตัส,เลย,ภาคตะวันออกเฉียงเหนือ,S00660,LT-LOEI
ลพบุรี พลาซ่า,โลตัส,ลพบุรี,ภาคตะวันตกและตะวันออก,S00754,LT-LOPBURI
ลำนาราย ลพบุรี,โลตัส,ลพบุรี,ภาคตะวันตกและตะวันออก,S02194,LT-LAMNARAI-LOPBURI
เชียงยืน มหาสารคาม,โลตัส,มหาสารคาม,ภาคตะวันออกเฉียงเหนือ,S00803,LT-CHIANG_YUEN-MAHASARAKHAM
เสริมไทย มหาสารคาม,โลตัส,มหาสารคาม,ภาคตะวันออกเฉียงเหนือ,S00583,LT-SERMTHAI_COMPLEX-MAHASAKHAM
โกสุมพิสัย มหาสารคาม,โลตัส,มหาสารคาม,ภาคตะวันออกเฉียงเหนือ,S00761,LT-KOSUMPISAI-MAHASAKHAM
บอระบือ มหาสารคาม,โลตัส,มหาสารคาม,ภาคตะวันออกเฉียงเหนือ,S00831,LT-BORABUE-MAHASAKHAM
พยัคฆภูมิพิสัย,โลตัส,มหาสารคาม,ภาคตะวันออกเฉียงเหนือ,S00717,LT-PHAYAKKHAPHUM_PHISAI-MAHASARAKHAM
วาปีปทุม มหาสารคาม,โลตัส,มหาสารคาม,ภาคตะวันออกเฉียงเหนือ,S00727,LT-WAPI_PATHUM-MAHASAKHAM
มุกดาหาร,โลตัส,มุกดาหาร,ภาคตะวันออกเฉียงเหนือ,S00798,LT-MUKDAHAN
นครนายก,โลตัส,นครนายก,ภาคตะวันตกและตะวันออก,S00670,LT-NAKHONNAYOK
องครักษ์ นครนายก,โลตัส,นครนายก,ภาคตะวันตกและตะวันออก,S00780,LT-ONGKARAK-NAKHONNAYOK
กำแพงแสน,โลตัส,นครปฐม,ภาคตะวันตกและตะวันออก,S00691,LT:KAMPANGSAN-NAKHONPATHOM
นครชัยศรี นครปฐม,โลตัส,นครปฐม,ภาคตะวันตกและตะวันออก,S00606,LT:NAKORNCHAISRI-NAKHONPATHOM
นครปฐม,โลตัส,นครปฐม,ภาคตะวันตกและตะวันออก,S00643,LT:NAKHONPATHOM
บางเลน นครปฐม,โลตัส,นครปฐม,ภาคตะวันตกและตะวันออก,S00637,LT:BANGLEN-NAKHONPATHOM
ศาลายา,โลตัส,นครปฐม,ภาคตะวันตกและตะวันออก,S00646,LT:SALAYA:NAKHONPATHOM
สามพราน,โลตัส,นครปฐม,ภาคตะวันตกและตะวันออก,S00799,LT:SAMPRAN-NAKHONPATHOM
ธาตพนม นครพนม,โลตัส,นครพนม,ภาคตะวันออกเฉียงเหนือ,S00624,LT-TADPAN0M-NAKHONPHANOM
นครพนม,โลตัส,นครพนม,ภาคตะวันออกเฉียงเหนือ,S00542,LT-NAKHONPHANOM
โคราช,โลตัส,นครราชสีมา,ภาคตะวันออกเฉียงเหนือ,S00415,LT-NAKHONRATCHASIMA
โนนไทย,โลตัส,นครราชสีมา,ภาคตะวันออกเฉียงเหนือ,S00724,LT-NONTHAI-NAKHONRATCHASIMA
จอกชัย นครราชสีมา,โลตัส,นครราชสีมา,ภาคตะวันออกเฉียงเหนือ,S00586,LT-CHOK_CHAI-NAKHONRATCHASIMA
จอหอ (นครราชสีมา),โลตัส,นครราชสีมา,ภาคตะวันออกเฉียงเหนือ,S00536,LT-JOR_HOR-NAKHONRATCHASIMA
ด่านขุนทด,โลตัส,นครราชสีมา,ภาคตะวันออกเฉียงเหนือ,S00729,LT-DAN_KHUN_THOD-NAKORN RATCHASIMA
บัวใหญ่,โลตัส,นครราชสีมา,ภาคตะวันออกเฉียงเหนือ,S00739,LT-BUAYAI-NAKHONRATCHASIMA
ประไท นครราชสีมา,โลตัส,นครราชสีมา,ภาคตะวันออกเฉียงเหนือ,S00815,LT-PRATAI-NAKHONRATCHASIMA
ปักธงชัย นครราชสีมา,โลตัส,นครราชสีมา,ภาคตะวันออกเฉียงเหนือ,S00596,LT-PAK_THONG_CHAI-NAKORNRATCHASIMA
ปากช่อง,โลตัส,นครราชสีมา,ภาคตะวันออกเฉียงเหนือ,S00513,LT-PAKCHONG-NAKHONRATCHASIMA
พิมาย,โลตัส,นครราชสีมา,ภาคตะวันออกเฉียงเหนือ,S00663,LT-PHIMAI-NAKHONRATCHASIMA
ศรีค้อ นครราชสีมา,โลตัส,นครราชสีมา,ภาคตะวันออกเฉียงเหนือ,S00610,LT-SI_KHIO-NAKORNRATCHASIMA
หัวทะเล โคราช,โลตัส,นครราชสีมา,ภาคตะวันออกเฉียงเหนือ,S00402,LT-HUA_THALA-NAKHONRATCHASIMA_2
เดอะวอคก์ นครสวรรค์,โลตัส,นครสวรรค์,ภาคเหนือ,S00638,LT-THE_WALK-NAKHONSAWAN
ตาคลี นครสวรรค์,โลตัส,นครสวรรค์,ภาคเหนือ,S00607,LT-TAKLI-NAKHONSAWAN
ลาดยาว นครสวรรค์,โลตัส,นครสวรรค์,ภาคเหนือ,S01303,LT-LAD_YAO-NAKHONSAWAN
โชคดี นครศรีธรรมราช,โลตัส,นครศรีธรรมราช,ภาคใต้,S00686,LT-CHANDEE-NAKHONSITHAMMARAT
ท่าศาลา,โลตัส,นครศรีธรรมราช,ภาคใต้,S00573,LT-THASALA-NAKHONSITHAMMARAT
ทุ่งสง,โลตัส,นครศรีธรรมราช,ภาคใต้,S00500,LT-TUNGSONG-NAKHONSITHAMMARAT
นครศรีธรรมราช,โลตัส,นครศรีธรรมราช,ภาคใต้,S00294,LT-NAKHONSITHAMMARAT
สิชล,โลตัส,นครศรีธรรมราช,ภาคใต้,S00672,LT-SICHON-NAKHONSITHAMMARAT
น่าน,โลตัส,น่าน,ภาคเหนือ,S00719,LT-NAN
หนองบัวลำภู,โลตัส,หนองบัวลำภู,ภาคตะวันออกเฉียงเหนือ,S00572,LT-NONGBUALUMPHU
ท่าบ่อ หนองคาย,โลตัส,หนองคาย,ภาคตะวันออกเฉียงเหนือ,S00708,LT-THABOR-NONGKHAI
หนองคาย,โลตัส,หนองคาย,ภาคตะวันออกเฉียงเหนือ,S00434,LT-ASAWANN_SHOPPING-NONGKHAI
นครอินทร์ บางกรวย,โลตัส,นนทบุรี,กรุงเทพฯและภาคกลาง,S00752,LT:NAKORN_IN_BANGKRUAY-NONTHABURI
นอร์ทราชพฤษ์ นนทบุรี,โลตัส,นนทบุรี,กรุงเทพฯและภาคกลาง,S00704,LT-NORTH_RATCHAPRUEK-NONTHABURI
บางใหญ่,โลตัส,นนทบุรี,กรุงเทพฯและภาคกลาง,S00344,LT:BANGYAI
บางกรวยไทรน้อย,โลตัส,นนทบุรี,กรุงเทพฯและภาคกลาง,S00548,LT:BANGKRUY_SAINOI-NONTHABURI
รัตนาธิเบศร์,โลตัส,นนทบุรี,กรุงเทพฯและภาคกลาง,S00590,LT:RATTANATHIBATE
คลอง 7 รังสิต-นครนายก,โลตัส,ปทุมธานี,กรุงเทพฯและภาคกลาง,S00399,LT:RANGSIT_KLONG7
คลองหลวง,โลตัส,ปทุมธานี,กรุงเทพฯและภาคกลาง,S00735,LT:KLONGLUANG-PATHUMTHANI
นวนคร,โลตัส,ปทุมธานี,กรุงเทพฯและภาคกลาง,S00620,LT:NAVANAKORN
บางกะดี อุตสาหกรรม ปทุมธานี,โลตัส,ปทุมธานี,กรุงเทพฯและภาคกลาง,S00715,LT:BANGKADI_INDUSTRIAL-PATHUMTHANI
บ้านฟ้า,โลตัส,ปทุมธานี,กรุงเทพฯและภาคกลาง,S00617,LT:BAAN_FAH_KLONG6
ปทุมธานี,โลตัส,ปทุมธานี,กรุงเทพฯและภาคกลาง,S00373,LT:PATHUMTHANI
รังสิต,โลตัส,ปทุมธานี,กรุงเทพฯและภาคกลาง,S00278,LT:RANGSIT
รังสิต-นครนายก,โลตัส,ปทุมธานี,กรุงเทพฯและภาคกลาง,S00662,LT:RANGSIT_KLONG4
ลำลูกกา คลอง 2,โลตัส,ปทุมธานี,กรุงเทพฯและภาคกลาง,S00709,LT:LAMLUKKA_KLONG2
แม่ขรี พัทลุง,โลตัส,พัทลุง,ภาคใต้,S00636,LT-MAE_KRI-PATTALUNG
ควนขนุน พัทลุง,โลตัส,พัทลุง,ภาคใต้,S00873,LT-KUAN_KANUN-PHATTHALUNG
พัทลุง,โลตัส,พัทลุง,ภาคใต้,S00457,LT-PHATTHALUNG
เชียงคำ,โลตัส,พะเยา,ภาคเหนือ,S00718,LT-CHIANG_KAM-PHAYAO
พะเยา,โลตัส,พะเยา,ภาคเหนือ,S00639,LT-PHAYAO
เพชรบูรณ์,โลตัส,เพชรบูรณ์,ภาคเหนือ,S00520,LT-PHETCHABUN
บึงสามพราน เพชรบูรณ์,โลตัส,เพชรบูรณ์,ภาคเหนือ,S00736,LT-BUENG_SAM_PHAN-PHETCHABUN
ศรีเทพ เพชรบูรณ์,โลตัส,เพชรบูรณ์,ภาคเหนือ,S00681,LT-SI_THEP-PHETCHABUN
หล่มสัก,โลตัส,เพชรบูรณ์,ภาคเหนือ,S00403,LT-LOMSAK-PHETCHABUN
ชะอำ,โลตัส,เพชรบุรี,ภาคตะวันตกและตะวันออก,S00994,LT-CHA_AM-PHETCHABURI
ท่ายางทาวน์ เพชรบุรี,โลตัส,เพชรบุรี,ภาคตะวันตกและตะวันออก,S00720,LT-THAYANG-PETCHBURI
ท่าหลวง พิจิตร,โลตัส,พิจิตร,ภาคเหนือ,S00621,LT-THALUANG-PHICHIT
ท่าทอง พิษณุโลก,โลตัส,พิษณุโลก,ภาคเหนือ,S00486,LT-THATHONG-PHITSANULOK
พิษณุโลก,โลตัส,พิษณุโลก,ภาคเหนือ,S00342,LT-PHITSANULOK
แพร่,โลตัส,แพร่,ภาคเหนือ,S00710,LT-PHRAE
ฉลอง ภูเก็ต,โลตัส,ภูเก็ต,ภาคใต้,S00566,LT-CHALONG-PHUKET
ถลาง ภูเก็ต,โลตัส,ภูเก็ต,ภาคใต้,S00503,LT-THA_LANG-PHUKET
ภูเก็ต,โลตัส,ภูเก็ต,ภาคใต้,S00451,LT-PHUKET
กบินทร์บุรี,โลตัส,ปราจีนบุรี,ภาคตะวันตกและตะวันออก,S00701,LT-KRABINBURI-PRACHINBURI
ปราจีนบุรี,โลตัส,ปราจีนบุรี,ภาคตะวันตกและตะวันออก,S00697,LT-PRACHINBURI
ศรีมหาโพธ ปราจีนบุรี,โลตัส,ปราจีนบุรี,ภาคตะวันตกและตะวันออก,S00756,LT-SRIMAHAPHOT-PRACHINBURI
ประจวบคีรีขันธ์,โลตัส,ประจวบคีรีขันธ์,ภาคตะวันตกและตะวันออก,S00696,LT-PRACHUAPKHIRIKHAN
ปราณบุรี,โลตัส,ประจวบคีรีขันธ์,ภาคตะวันตกและตะวันออก,S00665,LT-PRANBURI-PRACHUAPKHIRIKHAN
หัวหิน,โลตัส,ประจวบคีรีขันธ์,ภาคตะวันตกและตะวันออก,S00390,LT-HUAHIN-PRACHUAPKHIRIKHAN
ระนอง,โลตัส,ระนอง,ภาคใต้,S00682,LT-RANONG
บ้านโป่ง,โลตัส,ราชบุรี,ภาคตะวันตกและตะวันออก,S00481,LT-BANPONG-RATCHABURI
ราชบุรี,โลตัส,ราชบุรี,ภาคตะวันตกและตะวันออก,S00471,LT-RATCHABURI
แกลง ระยอง,โลตัส,ระยอง,ภาคตะวันตกและตะวันออก,S00712,LT-KLANG-RAYONG
นิคมพัฒนา ระยอง,โลตัส,ระยอง,ภาคตะวันตกและตะวันออก,S00633,LT-NIKOMPATTANA-RAYONG
บ้านฉาง ระยอง,โลตัส,ระยอง,ภาคตะวันตกและตะวันออก,S00825,LT-BANCHANG-RAYONG
มาบตาพุด,โลตัส,ระยอง,ภาคตะวันตกและตะวันออก,S00695,LT-MAP_TA_PHUT-RAYONG
ระยอง,โลตัส,ระยอง,ภาคตะวันตกและตะวันออก,S00538,LT-RAYONG
โพนทอง,โลตัส,ร้อยเอ็ด,ภาคตะวันออกเฉียงเหนือ,S00531,LT-PHONTHONG-ROIET
ร้อยเอ็ด,โลตัส,ร้อยเอ็ด,ภาคตะวันออกเฉียงเหนือ,S00684,LT-ROIET
วังน้ำเย็น (สระแก้ว),โลตัส,สระแก้ว,ภาคตะวันตกและตะวันออก,S00612,LT-WANGNAMYEN-SAKAEO
อรัญประเทศ,โลตัส,สระแก้ว,ภาคตะวันตกและตะวันออก,S00366,LT-ARANYAPRATHET-SAKAEO
สกลนคร,โลตัส,สกลนคร,ภาคตะวันออกเฉียงเหนือ,S00611,LT-SAKONNAKHON
สว่างแดนดิน,โลตัส,สกลนคร,ภาคตะวันออกเฉียงเหนือ,S00589,LT-SAWANGDANDIN-SAKONNAKHON
ซิตี้พาร์ค บางพลี,โลตัส,สมุทรปราการ,กรุงเทพฯและภาคกลาง,S00272,LT:CITY_PARK-BANGPLEE
บางบ่อ สมุทรปราการ,โลตัส,สมุทรปราการ,กรุงเทพฯและภาคกลาง,S00725,LT-BANG_BO-SAMUTPRAKAN
บางปู สมุทรปราการ,โลตัส,สมุทรปราการ,กรุงเทพฯและภาคกลาง,S00477,LT:BANGPU
บางพลี,โลตัส,สมุทรปราการ,กรุงเทพฯและภาคกลาง,S00557,LT:BANGPLEE
พฤกษา อเวนิว ศรีนครินทร์ สมุทรปราการ,โลตัส,สมุทรปราการ,กรุงเทพฯและภาคกลาง,S00860,LT:PRUKSA_AVENUE_SRINAKARIN
ศรีนครินทร์,โลตัส,สมุทรปราการ,กรุงเทพฯและภาคกลาง,S00530,LT:SRINAKARIN
กระทุ่มแบน,โลตัส,สมุทรสาคร,ภาคตะวันตกและตะวันออก,S00521,LT:KRATUMBAN-SAMUTSAKHON
มหาชัย 2,โลตัส,สมุทรสาคร,ภาคตะวันตกและตะวันออก,S00749,LT:MAHACHAI_2-SAMUTSAKHON
สมุทรสงคราม,โลตัส,สมุทรสงคราม,ภาคตะวันตกและตะวันออก,S00819,LT-SAMUTSONGKRAM
สระบุรี,โลตัส,สระบุรี,ภาคตะวันตกและตะวันออก,S00210,LT-SARABURI
สตูล,โลตัส,สตูล,ภาคใต้,S00593,LT-SATUN
สิงห์บุรี,โลตัส,สิงห์บุรี,ภาคตะวันตกและตะวันออก,S00509,LT-SINGBURI
กันทรลักษ์,โลตัส,ศรีสะเกษ,ภาคตะวันออกเฉียงเหนือ,S00694,LT-KANTARARAK-SISAKET
ขุขัน ศรีสะเกษ,โลตัส,ศรีสะเกษ,ภาคตะวันออกเฉียงเหนือ,S00673,LT-KHU_KHUN-SISAKET
ศรีสะเกษ,โลตัส,ศรีสะเกษ,ภาคตะวันออกเฉียงเหนือ,S00716,LT-SISAKET
อุทุมพรพิสัย ศรีสะเกษ,โลตัส,ศรีสะเกษ,ภาคตะวันออกเฉียงเหนือ,S00772,LT-UTHUMPORNPISAI-SISAKET
จะนะ สงขลา,โลตัส,สงขลา,ภาคใต้,S00740,LT-JANA-SONGKHLA
สงขลา,โลตัส,สงขลา,ภาคใต้,S00585,LT-SONGKHLA
สะเดา สงขลา,โลตัส,สงขลา,ภาคใต้,S00333,LT-SADAO-SONGKHLA
หาดใหญ่,โลตัส,สงขลา,ภาคใต้,S00456,LT-HADYAI-SONGKHLA
หาดใหญ่ 2,โลตัส,สงขลา,ภาคใต้,S00483,LT-HADYAI2-SONGKHLA
สามชุก สุพรรณบุรี,โลตัส,สุพรรณบุรี,ภาคตะวันตกและตะวันออก,S00664,LT-SAMCHUK-SUPHANBURI
สุพรรณบุรี,โลตัส,สุพรรณบุรี,ภาคตะวันตกและตะวันออก,S00577,LT-SUPHANBURI
อู่ทอง สุพรรณบุรี,โลตัส,สุพรรณบุรี,ภาคตะวันตกและตะวันออก,S00561,LT-U_THONG-SUPHANBURI
เวียงสระ,โลตัส,สุราษฎร์ธานี,ภาคใต้,S00360,LT-WIENG_SA-SURATTHANI
ไชยา,โลตัส,สุราษฎร์ธานี,ภาคใต้,S00822,LT-CHAIYA-SURATTHANI
บ้านตาขุน สุราษฏร์ธานี,โลตัส,สุราษฎร์ธานี,ภาคใต้,S00787,LT-BAN_THA_KHUN-SURATTHANI
ละไม เกาะสมุย,โลตัส,สุราษฎร์ธานี,ภาคใต้,S00738,LT-LAMAI-SAMUI-SURATTHANI
เกาะสมุย,โลตัส,สุราษฎร์ธานี,ภาคใต้,S00669,LT-SAMUI-SURATTHANI
สุราษฎร์ธานี,โลตัส,สุราษฎร์ธานี,ภาคใต้,S00454,LT-SURATTHANI
ท่าตูม สุรินทร์,โลตัส,สุรินทร์,ภาคตะวันออกเฉียงเหนือ,S00807,LT-THATUM-SURIN
ปราสาท สุรินทร์,โลตัส,สุรินทร์,ภาคตะวันออกเฉียงเหนือ,S00618,LT-PRASAT_SURIN
สังขละ สุรินทร์,โลตัส,สุรินทร์,ภาคตะวันออกเฉียงเหนือ,S00748,LT-SUNGKLA-SURIN
สุรินทร์,โลตัส,สุรินทร์,ภาคตะวันออกเฉียงเหนือ,S00744,LT-SURIN
แม่สอด ตาก,โลตัส,ตาก,ภาคเหนือ,S00734,LT-MAESOD-TAK
ตาก,โลตัส,ตาก,ภาคเหนือ,S00765,LT-TAK
ตรัง,โลตัส,ตรัง,ภาคใต้,S00439,LT-TRANG
ตราด,โลตัส,ตราด,ภาคตะวันตกและตะวันออก,S00587,LT-TRAT
เดชอุดม,โลตัส,อุบลราชธานี,ภาคตะวันออกเฉียงเหนือ,S00592,LT-DECH_UDOM-UBONRATCHATHANI
ตระการพืชผล,โลตัส,อุบลราชธานี,ภาคตะวันออกเฉียงเหนือ,S00741,LT-TRAKARN_PEUTPON-UBONRATCHATHANI
พิบูลมังสาหาร,โลตัส,อุบลราชธานี,ภาคตะวันออกเฉียงเหนือ,S00654,LT-PHIBUN_MANGSAHARN-UBONRATCHATHANI
วารินชำราบ,โลตัส,อุบลราชธานี,ภาคตะวันออกเฉียงเหนือ,S00628,LT-WARINCHAMRAB-UBONRATCHATHANI
อุบลราชธานี,โลตัส,อุบลราชธานี,ภาคตะวันออกเฉียงเหนือ,S00747,LT-UBONRATCHATHANI
กุมภวาปี อุดรธานี,โลตัส,อุดรธานี,ภาคตะวันออกเฉียงเหนือ,S00546,LT-KUMPAWAPEE-UDONTHANI
บ้านผือ อุดรธานี,โลตัส,อุดรธานี,ภาคตะวันออกเฉียงเหนือ,S00758,LT-BANPHUE-UDONTHANI
อุดรธานี,โลตัส,อุดรธานี,ภาคตะวันออกเฉียงเหนือ,S00411,LT-UDONTHANI
อุดรธานี 2,โลตัส,อุดรธานี,ภาคตะวันออกเฉียงเหนือ,S00522,LT-NADEE-UDONTHANI_2
หนองช้าง อุทัยธานี,โลตัส,อุทัยธานี,ภาคเหนือ,S00770,LT-NONG_CHANG-UTHAITHANI
อุตรดิตถ์,โลตัส,อุตรดิตถ์,ภาคเหนือ,S00499,LT-UTTARADIT
ยะลา,โลตัส,ยะลา,ภาคใต้,S00987,LT-YALA
ยโสธร,โลตัส,ยโสธร,ภาคตะวันออกเฉียงเหนือ,S00692,LT-YASOTHON
อำนาจเจริญ,แมคโคร,อำนาจเจริญ,ภาคตะวันออกเฉียงเหนือ,S01439,MK-AMNATCHAROEN
อยุธยา,แมคโคร,พระนครศรีอยุธยา,ภาคตะวันตกและตะวันออก,S00371,MK-AYUTTHAYA
เพชรเกษม,แมคโคร,กรุงเทพมหานคร,กรุงเทพฯและภาคกลาง,S00847,MK:PETCHKASEM
กัลปพฤกษ์,แมคโคร,กรุงเทพมหานคร,กรุงเทพฯและภาคกลาง,S01706,MK:KANLAPAPHRUEK
จรัญสนิทวงศ์,แมคโคร,กรุงเทพมหานคร,กรุงเทพฯและภาคกลาง,S00168,MK:CHARUNSANITWONG
บางบอน,แมคโคร,กรุงเทพมหานคร,กรุงเทพฯและภาคกลาง,S00200,MK:BANGBON
ประชาอุทิศ,แมคโคร,กรุงเทพมหานคร,กรุงเทพฯและภาคกลาง,S01438,MK:PRACHAUTHIT
รามคำแหง 24,แมคโคร,กรุงเทพมหานคร,กรุงเทพฯและภาคกลาง,S02236,MK:RAMKAMHANG_24
รามอินทรา,แมคโคร,กรุงเทพมหานคร,กรุงเทพฯและภาคกลาง,S00792,MK:RAMINTRA
ลาดพร้าว,แมคโคร,กรุงเทพมหานคร,กรุงเทพฯและภาคกลาง,S00199,MK:LADPRAO
สาทร,แมคโคร,กรุงเทพมหานคร,กรุงเทพฯและภาคกลาง,S00149,MK:SATHORN
สามเสน,แมคโคร,กรุงเทพมหานคร,กรุงเทพฯและภาคกลาง,S00685,MK:SAMSEN
หนองจอก,แมคโคร,กรุงเทพมหานคร,กรุงเทพฯและภาคกลาง,S00851,MK:NONGJOK
อุดมสุข,แมคโคร,กรุงเทพมหานคร,กรุงเทพฯและภาคกลาง,S01707,MK:UDOMSUK
บึงกาฬ,แมคโคร,บึงกาฬ,ภาคตะวันออกเฉียงเหนือ,S00165,MK-BUENGKAN
บุรีรัมย์,แมคโคร,บุรีรัมย์,ภาคตะวันออกเฉียงเหนือ,S00215,MK-BURIRAM
ฉะเชิงเทรา,แมคโคร,ฉะเชิงเทรา,ภาคตะวันตกและตะวันออก,S00288,MK-CHACHOENGSAO
ชัยนาท,แมคโคร,ชัยนาท,ภาคตะวันตกและตะวันออก,S00540,MK-CHAINAT
ชัยภูมิ,แมคโคร,ชัยภูมิ,ภาคตะวันออกเฉียงเหนือ,S00274,MK-CHAIYAPHUM
จันทบุรี,แมคโคร,จันทบุรี,ภาคตะวันตกและตะวันออก,S00216,MK-CHANTHABURI
เชียงใหม่,แมคโคร,เชียงใหม่,ภาคเหนือ,S00138,MK-CHIANGMAI
เชียงใหม่ 2,แมคโคร,เชียงใหม่,ภาคเหนือ,S00768,MK-HANG_DONG-CHIANGMAI_2
แม่ริม,แมคโคร,เชียงใหม่,ภาคเหนือ,S00133,MK-MAE RIM-CHIANGMAI
จอมทอง,แมคโคร,เชียงใหม่,ภาคเหนือ,S00788,MK-JOMTHONG-CHIANGMAI
ฝาง,แมคโคร,เชียงใหม่,ภาคเหนือ,S00317,MK-FANG-CHIANGMAI
เชียงราย,แมคโคร,เชียงราย,ภาคเหนือ,S00213,MK-CHIANGRAI
แม่สาย,แมคโคร,เชียงราย,ภาคเหนือ,S00094,MK-MAESAI-CHIANGRAI
แหลมฉบัง,แมคโคร,ชลบุรี,ภาคตะวันตกและตะวันออก,S01194,MK-LAMCHABANG-CHONBURI
ชลบุรี,แมคโคร,ชลบุรี,ภาคตะวันตกและตะวันออก,S00234,MK-CHONBURI
บ่อวิน,แมคโคร,ชลบุรี,ภาคตะวันตกและตะวันออก,S00535,MK-BORWIN-CHONBURI
บ้านบึง ชลบุรี,แมคโคร,ชลบุรี,ภาคตะวันตกและตะวันออก,S01186,MK-BANBUENG-CHONBURI
พัทยา,แมคโคร,ชลบุรี,ภาคตะวันตกและตะวันออก,S00523,MK-PATTAYA-CHONBURI
สัตหีบ,แมคโคร,ชลบุรี,ภาคตะวันตกและตะวันออก,S00874,MK-SATTAHIP-CHONBURI
อมตะนคร,แมคโคร,ชลบุรี,ภาคตะวันตกและตะวันออก,S01684,MK-AMATANAKHON-CHONBURI
อมตะนคร 2,แมคโคร,ชลบุรี,ภาคตะวันตกและตะวันออก,S00562,MK-AMATANAKHON_2-CHONBURI
ชุมพร,แมคโคร,ชุมพร,ภาคใต้,S00824,MK-CHUMPHON
กาฬสินธุ์,แมคโคร,กาฬสินธุ์,ภาคตะวันออกเฉียงเหนือ,S00228,MK-KALASIN
กำแพงเพชร,แมคโคร,กำแพงเพชร,ภาคเหนือ,S00237,MK-KAMPHAENGPHET
กาญจนบุรี,แมคโคร,กาญจนบุรี,ภาคตะวันตกและตะวันออก,S00204,MK-KANCHANABURI
ขอนแก่น,แมคโคร,ขอนแก่น,ภาคตะวันออกเฉียงเหนือ,S00220,MK-KHONKAEN
ขอนแก่น 2,แมคโคร,ขอนแก่น,ภาคตะวันออกเฉียงเหนือ,S01945,MK-KHONKAEN_2
ขอนแก่น 3 (บ้านโนนม่วง),แมคโคร,ขอนแก่น,ภาคตะวันออกเฉียงเหนือ,S00491,MK-BAN_NOND_MUANG-KHONKAEN_3
ชุมแพ,แมคโคร,ขอนแก่น,ภาคตะวันออกเฉียงเหนือ,S00114,MK-CHUMPAE-KHONKAEN
บ้านไผ่,แมคโคร,ขอนแก่น,ภาคตะวันออกเฉียงเหนือ,S02245,MK-BANPHAI-KHONKAEN
กระบี่,แมคโคร,กระบี่,ภาคใต้,S00675,MK-KRABI
ลำปาง,แมคโคร,ลำปาง,ภาคเหนือ,S00223,MK-LAMPANG
ลำพูน,แมคโคร,ลำพูน,ภาคเหนือ,S00325,MK-LAMPHUN
เลย,แมคโคร,เลย,ภาคตะวันออกเฉียงเหนือ,S00191,MK-LOEI
ลพบุรี,แมคโคร,ลพบุรี,ภาคตะวันตกและตะวันออก,S00159,MK-LOPBURI
มหาสารคาม,แมคโคร,มหาสารคาม,ภาคตะวันออกเฉียงเหนือ,S00253,MK-MAHASARAKHAM
มุกดาหาร,แมคโคร,มุกดาหาร,ภาคตะวันออกเฉียงเหนือ,S00186,MK-MUKDAHAN
นครนายก,แมคโคร,นครนายก,ภาคตะวันตกและตะวันออก,S00800,MK-NAKHONNAYOK
นครปฐม,แมคโคร,นครปฐม,ภาคตะวันตกและตะวันออก,S00145,MK:NAKHONPATHOM
ศาลายา,แมคโคร,นครปฐม,ภาคตะวันตกและตะวันออก,S00085,MK:SALAYA-NAKHONPATHOM
นครพนม,แมคโคร,นครพนม,ภาคตะวันออกเฉียงเหนือ,S00601,MK-NAKHONPHANOM
จอหอ (นครราชสีมา),แมคโคร,นครราชสีมา,ภาคตะวันออกเฉียงเหนือ,S01708,MK-JORHOR-NAKHONRATCHASIMA
นครราชสีมา,แมคโคร,นครราชสีมา,ภาคตะวันออกเฉียงเหนือ,S00291,MK-NAKHONRATCHASIMA
นครราชสีมา 2,แมคโคร,นครราชสีมา,ภาคตะวันออกเฉียงเหนือ,S00723,MK-NAKHONRATCHASIMA_2
นครราชสีมา 3 (เซฟวัน),แมคโคร,นครราชสีมา,ภาคตะวันออกเฉียงเหนือ,S00699,MK-SAVE_ONE-NAKHONRATCHASRIMA_3
ปากช่อง,แมคโคร,นครราชสีมา,ภาคตะวันออกเฉียงเหนือ,S00578,MK-PAKCHONG-NAKHONRATCHASRIMA
นครสวรรค์,แมคโคร,นครสวรรค์,ภาคเหนือ,S00099,MK-NAKHONSAWAN
นครสวรรค์ 2 (พรหมนิมิต),แมคโคร,นครสวรรค์,ภาคเหนือ,S00473,MK-PHROMNIMIT-NAKHONSAWAN_2
ทุ่งสง,แมคโคร,นครศรีธรรมราช,ภาคใต้,S00518,MK-THUNGSONG-NAKHONSITHAMMARAT
นครศรีธรรมราช,แมคโคร,นครศรีธรรมราช,ภาคใต้,S00134,MK-NAKHONSITHAMMARAT
น่าน,แมคโคร,น่าน,ภาคเหนือ,S00205,MK-NAN
หนองบัวลำภู,แมคโคร,หนองบัวลำภู,ภาคตะวันออกเฉียงเหนือ,S00305,MK-NONGBUALAMPHU
หนองคาย,แมคโคร,หนองคาย,ภาคตะวันออกเฉียงเหนือ,S00244,MK-NONGKHAI
แจ้งวัฒนะ,แมคโคร,นนทบุรี,กรุงเทพฯและภาคกลาง,S00302,MK:CHANGWATTANA
นครอินทร์ บางกรวย,แมคโคร,นนทบุรี,กรุงเทพฯและภาคกลาง,S00497,MK:NAKORN_IN-NONTHABURI
บางบัวทอง,แมคโคร,นนทบุรี,กรุงเทพฯและภาคกลาง,S00841,MK:BANGBUATHONG-NONTHABURI
คลองหลวง,แมคโคร,ปทุมธานี,กรุงเทพฯและภาคกลาง,S00233,MK:KHLONG_LUANG
ปทุมธานี,แมคโคร,ปทุมธานี,กรุงเทพฯและภาคกลาง,S00745,MK:PATHUMTHANI
รังสิต,แมคโคร,ปทุมธานี,กรุงเทพฯและภาคกลาง,S00432,MK:RANGSIT
พังงา,แมคโคร,พังงา,ภาคใต้,S01265,MK-PHANGNGA
พัทลุง,แมคโคร,พัทลุง,ภาคใต้,S00290,MK-PHATTHALUNG
พะเยา,แมคโคร,พะเยา,ภาคเหนือ,S00312,MK-PHAYAO
เพชรบูรณ์,แมคโคร,เพชรบูรณ์,ภาคเหนือ,S00262,MK-PHETCHABUN
เพชรบุรี,แมคโคร,เพชรบุรี,ภาคตะวันตกและตะวันออก,S00261,MK-PHETCHABURI
ชะอำ,แมคโคร,เพชรบุรี,ภาคตะวันตกและตะวันออก,S01440,MK-CHAAM-PHETCHABURI
พิจิตร,แมคโคร,พิจิตร,ภาคเหนือ,S00136,MK-PHICHIT
พิษณุโลก,แมคโคร,พิษณุโลก,ภาคเหนือ,S00232,MK-PHITSANULOK
พิษณุโลก 2,แมคโคร,พิษณุโลก,ภาคเหนือ,S00793,MK-PHITSANULOK_2
แพร่,แมคโคร,แพร่,ภาคเหนือ,S00326,MK-PHRAE
ถลาง ภูเก็ต,แมคโคร,ภูเก็ต,ภาคใต้,S00603,MK-THALANG-PHUKET
ภูเก็ต,แมคโคร,ภูเก็ต,ภาคใต้,S00702,MK-PHUKET
ราไวย์ 2,แมคโคร,ภูเก็ต,ภาคใต้,S01212,MK-RAWAI_2-PHUKET
กบินทร์บุรี,แมคโคร,ปราจีนบุรี,ภาคตะวันตกและตะวันออก,S00629,MK-KRABINBURI-PRACHINBURI
ปราจีนบุรี,แมคโคร,ปราจีนบุรี,ภาคตะวันตกและตะวันออก,S00690,MK-PRACHINBURI
ประจวบคีรีขันธ์,แมคโคร,ประจวบคีรีขันธ์,ภาคตะวันตกและตะวันออก,S00188,MK-PRACHUAPKHIRIKHAN
ปราณบุรี,แมคโคร,ประจวบคีรีขันธ์,ภาคตะวันตกและตะวันออก,S00299,MK-PRANBURI-PRACHUAPKHIRIKHAN
หัวหิน,แมคโคร,ประจวบคีรีขันธ์,ภาคตะวันตกและตะวันออก,S00806,MK-HUAHIN-PRACHUAPKHIRIKHAN
ระนอง,แมคโคร,ระนอง,ภาคใต้,S00218,MK-RANONG
ราชบุรี,แมคโคร,ราชบุรี,ภาคตะวันตกและตะวันออก,S00097,MK-RATCHABURI
ระยอง,แมคโคร,ระยอง,ภาคตะวันตกและตะวันออก,S00098,MK-RAYONG
ร้อยเอ็ด,แมคโคร,ร้อยเอ็ด,ภาคตะวันออกเฉียงเหนือ,S00130,MK-ROIET
สระแก้ว,แมคโคร,สระแก้ว,ภาคตะวันตกและตะวันออก,S00187,MK-SAKAEO
สกลนคร,แมคโคร,สกลนคร,ภาคตะวันออกเฉียงเหนือ,S00183,MK-SAKONNAKHON
แพรกษา,แมคโคร,สมุทรปราการ,กรุงเทพฯและภาคกลาง,S01686,MK:PREAKASA-SAUTPRAKAN
แฮปปี้แทท (ฟอเรสเทียส์ - บางนา),แมคโคร,สมุทรปราการ,กรุงเทพฯและภาคกลาง,S02358,MK-HAPPITAT-SAMUTPRAKAN
บางพลี,แมคโคร,สมุทรปราการ,กรุงเทพฯและภาคกลาง,S00140,MK:BANGPLEE
ศรีนครินทร์,แมคโคร,สมุทรปราการ,กรุงเทพฯและภาคกลาง,S00156,MK:SRINAKARIN
สมุทรปราการ,แมคโคร,สมุทรปราการ,กรุงเทพฯและภาคกลาง,S00630,MK:SAMUTPRAKAN
มหาชัย,แมคโคร,สมุทรสาคร,ภาคตะวันตกและตะวันออก,S00683,MK:MAHACHAI-SAMUTSAKHON
สมุทรสาคร,แมคโคร,สมุทรสาคร,ภาคตะวันตกและตะวันออก,S00436,MK:SAMUTSAKHON
อ้อมน้อย,แมคโคร,สมุทรสาคร,ภาคตะวันตกและตะวันออก,S00336,MK:AOMNOI-SAMUTSAKHON
สมุทรสงคราม,แมคโคร,สมุทรสงคราม,ภาคตะวันตกและตะวันออก,S00297,MK-SAMUTSONGKHRAM
สระบุรี,แมคโคร,สระบุรี,ภาคตะวันตกและตะวันออก,S00431,MK-SARABURI
สตูล,แมคโคร,สตูล,ภาคใต้,S00154,MK-SATUN
สิงห์บุรี,แมคโคร,สิงห์บุรี,ภาคตะวันตกและตะวันออก,S00644,MK-SINGBURI
ศรีสะเกษ,แมคโคร,ศรีสะเกษ,ภาคตะวันออกเฉียงเหนือ,S00226,MK-SISAKET
สงขลา,แมคโคร,สงขลา,ภาคใต้,S00863,MK-SONGKHLA
หาดใหญ่,แมคโคร,สงขลา,ภาคใต้,S00161,MK-HADYAI-SONGKHLA
สุโขทัย,แมคโคร,สุโขทัย,ภาคเหนือ,S00207,MK-SUKHOTHAI
สุพรรณบุรี,แมคโคร,สุพรรณบุรี,ภาคตะวันตกและตะวันออก,S00214,MK-SUPHANBURI
เกาะพะงัน,แมคโคร,สุราษฎร์ธานี,ภาคใต้,S01710,MK-KOH_PHANGAN-SURATTHANI
เกาะสมุย,แมคโคร,สุราษฎร์ธานี,ภาคใต้,S01105,MK-SAMUI-SURATTHANI
เวียงสระ,แมคโคร,สุราษฎร์ธานี,ภาคใต้,S00667,MK-WEING_SA-SURATTHANI
สุราษฎร์ธานี,แมคโคร,สุราษฎร์ธานี,ภาคใต้,S00321,MK-SURATTHANI
สุรินทร์,แมคโคร,สุรินทร์,ภาคตะวันออกเฉียงเหนือ,S00247,MK-SURIN
แม่สอด ตาก,แมคโคร,ตาก,ภาคเหนือ,S00211,MK-MAESOD-TAK
ตรัง,แมคโคร,ตรัง,ภาคใต้,S00231,MK-TRANG
ตราด,แมคโคร,ตราด,ภาคตะวันตกและตะวันออก,S00784,MK-TRAT
วารินชำราบ,แมคโคร,อุบลราชธานี,ภาคตะวันออกเฉียงเหนือ,S00240,MK-WARINCHAMRAB-UBONRATCHATHANI
อุบลราชธานี,แมคโคร,อุบลราชธานี,ภาคตะวันออกเฉียงเหนือ,S00266,MK-UBONRATCHATHANI
อุดรธานี,แมคโคร,อุดรธานี,ภาคตะวันออกเฉียงเหนือ,S00179,MK-UDONTHANI
อุดรธานี 2 (บ้านเลื่อม),แมคโคร,อุดรธานี,ภาคตะวันออกเฉียงเหนือ,S00632,MK-BAN_LUEAM(UDON2)-UDONTHANI
อุตรดิตถ์,แมคโคร,อุตรดิตถ์,ภาคเหนือ,S00338,MK-UTTARADIT
ยโสธร,แมคโคร,ยโสธร,ภาคตะวันออกเฉียงเหนือ,S00263,MK-YASOTHON
อยุธยา,เพาเวอร์บาย,พระนครศรีอยุธยา,ภาคตะวันตกและตะวันออก,S00464,PB-CPN-AYUTTHAYA
อยุธยา,เพาเวอร์บาย,พระนครศรีอยุธยา,ภาคตะวันตกและตะวันออก,S00626,PB-RBS-AYUTTHAYA
SB CDC,เพาเวอร์บาย,กรุงเทพมหานคร,กรุงเทพฯและภาคกลาง,S00834,PB:SB_CDC
SB พระราม 2,เพาเวอร์บาย,กรุงเทพมหานคร,กรุงเทพฯและภาคกลาง,S01200,PB:SB_RAMA2
เซ็นจูรี่ อ่อนนุช,เพาเวอร์บาย,กรุงเทพมหานคร,กรุงเทพฯและภาคกลาง,S00648,PB:CENTURY-ONNUT
เซ็นทรัลเวิล์ด,เพาเวอร์บาย,กรุงเทพมหานคร,กรุงเทพฯและภาคกลาง,S00430,PB:CPN_WORLD
เทอร์มินอล 21 พระราม 3,เพาเวอร์บาย,กรุงเทพมหานคร,กรุงเทพฯและภาคกลาง,S00554,PB:TERMINAL_21_RAMA3
เวสวิลล์,เพาเวอร์บาย,กรุงเทพมหานคร,กรุงเทพฯและภาคกลาง,S00152,PB:CPN-WEST_VILLE
แจ๊ส คู้บอน,เพาเวอร์บาย,กรุงเทพมหานคร,กรุงเทพฯและภาคกลาง,S00463,PB:JAZZ-KUBON
แฟชั่นไอส์แลนด์,เพาเวอร์บาย,กรุงเทพมหานคร,กรุงเทพฯและภาคกลาง,S00008,PB:FASHION_ISLAND
โลตัส เสนา,เพาเวอร์บาย,กรุงเทพมหานคร,กรุงเทพฯและภาคกลาง,S01206,PB_LT:-SENA
ชิดลม,เพาเวอร์บาย,กรุงเทพมหานคร,กรุงเทพฯและภาคกลาง,S00350,PB:CPN-CHIDLOM
ซีคอน บางแค,เพาเวอร์บาย,กรุงเทพมหานคร,กรุงเทพฯและภาคกลาง,S00043,PB:SEACON-BANGKAE
ซีคอน ศรีนครินทร์,เพาเวอร์บาย,กรุงเทพมหานคร,กรุงเทพฯและภาคกลาง,S00048,PB:RBS-SEACON-SRINAKARIN
ท๊อปคลับ พระราม 2,เพาเวอร์บาย,กรุงเทพมหานคร,กรุงเทพฯและภาคกลาง,S00830,PB:TOPS_CLUB-RAMA2
บางกะปิ,เพาเวอร์บาย,กรุงเทพมหานคร,กรุงเทพฯและภาคกลาง,S00602,PB:LT-BANGKAPI
บางนา,เพาเวอร์บาย,กรุงเทพมหานคร,กรุงเทพฯและภาคกลาง,S00109,PB:CPN-BANGNA
บางรัก,เพาเวอร์บาย,กรุงเทพมหานคร,กรุงเทพฯและภาคกลาง,S00668,PB:RBS-BANGRAK
บิ๊กซี พระราม 2,เพาเวอร์บาย,กรุงเทพมหานคร,กรุงเทพฯและภาคกลาง,S00527,PB:BC-RAMA2
ปิ่นเกล้า,เพาเวอร์บาย,กรุงเทพมหานคร,กรุงเทพฯและภาคกลาง,S01106,PB:CPN-PINKLAO
พระราม 2,เพาเวอร์บาย,กรุงเทพมหานคร,กรุงเทพฯและภาคกลาง,S00042,PB:CPN-RAMA2
พระราม 3,เพาเวอร์บาย,กรุงเทพมหานคร,กรุงเทพฯและภาคกลาง,S00019,PB:CPN-RAMA3
พระราม 9,เพาเวอร์บาย,กรุงเทพมหานคร,กรุงเทพฯและภาคกลาง,S00086,PB:CPN-RAMA9
ราชพฤกษ์,เพาเวอร์บาย,กรุงเทพมหานคร,กรุงเทพฯและภาคกลาง,S01199,PB:BNB-RATCHAPRUK
รามอินทรา,เพาเวอร์บาย,กรุงเทพมหานคร,กรุงเทพฯและภาคกลาง,S00202,PB:CPN-RAMINTRA
ลาดกระบัง,เพาเวอร์บาย,กรุงเทพมหานคร,กรุงเทพฯและภาคกลาง,S00398,PB:RBS-LADKABANG
ลาดพร้าว,เพาเวอร์บาย,กรุงเทพมหานคร,กรุงเทพฯและภาคกลาง,S00175,PB:CPN-LADPRAO
ลาดพร้าว,เพาเวอร์บาย,กรุงเทพมหานคร,กรุงเทพฯและภาคกลาง,S00678,PB:LT-LADPRAO
ลำลูกกา,เพาเวอร์บาย,กรุงเทพมหานคร,กรุงเทพฯและภาคกลาง,S00526,PB:BC-LUMLUKKA
วงศ์สว่าง,เพาเวอร์บาย,กรุงเทพมหานคร,กรุงเทพฯและภาคกลาง,S00547,PB:BC-WONGSAWANG
วิสด้อม 101,เพาเวอร์บาย,กรุงเทพมหานคร,กรุงเทพฯและภาคกลาง,S00625,PB:WISDOM_101_PHRAKHANONG
หลักสี่,เพาเวอร์บาย,กรุงเทพมหานคร,กรุงเทพฯและภาคกลาง,S00855,PB:LT-LAKSI
อีสวิลล์,เพาเวอร์บาย,กรุงเทพมหานคร,กรุงเทพฯและภาคกลาง,S00163,PB:CPN-EAST_VILLE
ทวีกิจ บุรีรัมย์,เพาเวอร์บาย,บุรีรัมย์,ภาคตะวันออกเฉียงเหนือ,S00116,PB-TAWEEKIT-BURIRAM
บุรีรัมย์,เพาเวอร์บาย,บุรีรัมย์,ภาคตะวันออกเฉียงเหนือ,S00416,PB-RBS-BURIRAM
ฉะเชิงเทรา,เพาเวอร์บาย,ฉะเชิงเทรา,ภาคตะวันตกและตะวันออก,S00377,PB-RBS-CHACHOENGSAO
ชัยภูมิ,เพาเวอร์บาย,ชัยภูมิ,ภาคตะวันออกเฉียงเหนือ,S00631,PB-RBS-CHAIYAPHUM
จันทบุรี,เพาเวอร์บาย,จันทบุรี,ภาคตะวันตกและตะวันออก,S00095,PB-CPN-CHANTHABURI
จันทบุรี,เพาเวอร์บาย,จันทบุรี,ภาคตะวันตกและตะวันออก,S00170,PB-UPC-CHANTHABURI
จันทบุรี,เพาเวอร์บาย,จันทบุรี,ภาคตะวันตกและตะวันออก,S00714,PB-RBS-CHANTHABURI
เชียงใหม่,เพาเวอร์บาย,เชียงใหม่,ภาคเหนือ,S00110,PB-UPC-CHIANGMAI
เชียงใหม่เฟสติวัล,เพาเวอร์บาย,เชียงใหม่,ภาคเหนือ,S00082,PB-CPN_FESTIVAL-CHIANGMAI
สนามบินเชียงใหม่,เพาเวอร์บาย,เชียงใหม่,ภาคเหนือ,S00565,PB-CPN-AIRPORT-CHIANGMAI
เชียงราย,เพาเวอร์บาย,เชียงราย,ภาคเหนือ,S00560,PB-CPN-CHIANGRAI
เดอะชิลล์ พัทยา,เพาเวอร์บาย,ชลบุรี,ภาคตะวันตกและตะวันออก,S00595,PB-THE_CHILLED_PATTAYA-CHONBURI
แหลมทอง บางแสน,เพาเวอร์บาย,ชลบุรี,ภาคตะวันตกและตะวันออก,S00600,PB-LAEMTHONG_BANGSAEN-CHONBURI
โกโฮลเซลล์ พัทยา,เพาเวอร์บาย,ชลบุรี,ภาคตะวันตกและตะวันออก,S00568,PB-GOP-PATTAYA-CHONBURI
ชลบุรี,เพาเวอร์บาย,ชลบุรี,ภาคตะวันตกและตะวันออก,S00021,PB-CPN-CHONBURI
ชลบุรี,เพาเวอร์บาย,ชลบุรี,ภาคตะวันตกและตะวันออก,S00100,PB-RBS-LIFE_STYLE-CHONBURI
ชลบุรี,เพาเวอร์บาย,ชลบุรี,ภาคตะวันตกและตะวันออก,S00135,PB-STL-CHONBURI
ชลบุรี,เพาเวอร์บาย,ชลบุรี,ภาคตะวันตกและตะวันออก,S01197,PB-BGC-CHONBURI
ตึกคอม พัทยา,เพาเวอร์บาย,ชลบุรี,ภาคตะวันตกและตะวันออก,S00737,PB-TUK_COM_PATTAYA-CHONBURI
บ่อวิน,เพาเวอร์บาย,ชลบุรี,ภาคตะวันตกและตะวันออก,S00580,PB-RBS-BORWIN-CHONBURI
พัทยา,เพาเวอร์บาย,ชลบุรี,ภาคตะวันตกและตะวันออก,S00062,PB-UPC-PATTAYA-CHONBURI
พัทยา,เพาเวอร์บาย,ชลบุรี,ภาคตะวันตกและตะวันออก,S00090,PB-CPN_FESTIVAL-PATTAYA_BEACH
ศรีราชา,เพาเวอร์บาย,ชลบุรี,ภาคตะวันตกและตะวันออก,S00093,PB-CPN-SRIRACHA-CHONBURI
ศรีราชา,เพาเวอร์บาย,ชลบุรี,ภาคตะวันตกและตะวันออก,S00634,PB-RBS-SRIRACHA-CHONBURI
อมตะนคร,เพาเวอร์บาย,ชลบุรี,ภาคตะวันตกและตะวันออก,S00703,PB-GOP-AMATA_NAKHON-CHONBURI
กาฬสินธุ์ พลาซ่า,เพาเวอร์บาย,กาฬสินธุ์,ภาคตะวันออกเฉียงเหนือ,S00688,PB-KALASIN_PLAZA-KALASIN
กำแพงเพชร,เพาเวอร์บาย,กำแพงเพชร,ภาคเหนือ,S00676,PB-RBS-KAMPHAENGPHET
กาญจนบุรี,เพาเวอร์บาย,กาญจนบุรี,ภาคตะวันตกและตะวันออก,S00331,PB-RBS-KANCHANABURI
กระนวน,เพาเวอร์บาย,ขอนแก่น,ภาคตะวันออกเฉียงเหนือ,S00532,PB-GOP-KRANUAN-KHONKAEN
ขอนแก่น,เพาเวอร์บาย,ขอนแก่น,ภาคตะวันออกเฉียงเหนือ,S00420,PB-CPN-KHONKAEN
ขอนแก่น,เพาเวอร์บาย,ขอนแก่น,ภาคตะวันออกเฉียงเหนือ,S00553,PB-GOP-KHONKAEN
ขอนแก่นแคมปัส,เพาเวอร์บาย,ขอนแก่น,ภาคตะวันออกเฉียงเหนือ,S02346,PB-CPN_KHONKAEN_CAMPUS-KHONKAEN
ชุมแพ,เพาเวอร์บาย,ขอนแก่น,ภาคตะวันออกเฉียงเหนือ,S00552,PB-GOP-CHUMPARE-KHONKAEN
ท๊อปพลาซ่า ขอนแก่น,เพาเวอร์บาย,ขอนแก่น,ภาคตะวันออกเฉียงเหนือ,S00615,PB-TOPS_PLAZA-PHOL-KHONKAEN
มิตรภาพ ขอนแก่น,เพาเวอร์บาย,ขอนแก่น,ภาคตะวันออกเฉียงเหนือ,S00445,PB-BNB-MITTRAPHAP-KHONKAEN
เซ็นทรัลกระบี่,เพาเวอร์บาย,กระบี่,ภาคใต้,S02229,PB-CPN-KRABI
ลำปาง,เพาเวอร์บาย,ลำปาง,ภาคเหนือ,S00658,PB-CPN-LAMPANG
จำปา ลำพูน,เพาเวอร์บาย,ลำพูน,ภาคเหนือ,S00609,PB-JAMPHA-LAMPHUN
ลพบุรี,เพาเวอร์บาย,ลพบุรี,ภาคตะวันตกและตะวันออก,S00283,PB-UPC-LOPBURI
ลพบุรี,เพาเวอร์บาย,ลพบุรี,ภาคตะวันตกและตะวันออก,S00591,PB-RBS-LOPBURI
ลพบุรี,เพาเวอร์บาย,ลพบุรี,ภาคตะวันตกและตะวันออก,S00656,PB-BIG_C-LOPBURI
เสริมไทย มหาสารคาม,เพาเวอร์บาย,มหาสารคาม,ภาคตะวันออกเฉียงเหนือ,S00733,PB-SERMTHAI-MAHASARAKHAM
มุกดาหาร,เพาเวอร์บาย,มุกดาหาร,ภาคตะวันออกเฉียงเหนือ,S00698,PB-RBS-MUKDAHARN
เดอะโฟสท์ สาย 4,เพาเวอร์บาย,นครปฐม,ภาคตะวันตกและตะวันออก,S00206,PB:THE_FORTH-SAI_4-NAKHONPATHOM
นครชัยศรี นครปฐม,เพาเวอร์บาย,นครปฐม,ภาคตะวันตกและตะวันออก,S01204,PB_LT:NAKHON_CHAISI-NAKHONPATHOM
นครปฐม,เพาเวอร์บาย,นครปฐม,ภาคตะวันตกและตะวันออก,S00549,PB:BC-NAKHONPATHOM
นครปฐม,เพาเวอร์บาย,นครปฐม,ภาคตะวันตกและตะวันออก,S00826,PB:CPN-NAKHONPATHOM
บางเลน นครปฐม,เพาเวอร์บาย,นครปฐม,ภาคตะวันตกและตะวันออก,S01201,PB_LT:BANGLEN-NAKHONPATHOM
ศาลายา,เพาเวอร์บาย,นครปฐม,ภาคตะวันตกและตะวันออก,S00071,PB:CPN-SALAYA
ศาลายา,เพาเวอร์บาย,นครปฐม,ภาคตะวันตกและตะวันออก,S01205,PB_LT:-SALAYA-NAKHONPATHOM
โคราช,เพาเวอร์บาย,นครราชสีมา,ภาคตะวันออกเฉียงเหนือ,S00035,PB-CPN-NAKHONRATCHASIMA
โชคชัย,เพาเวอร์บาย,นครราชสีมา,ภาคตะวันออกเฉียงเหนือ,S01202,PB-LT-CHOCKCHAI-NAKHONRATCHASIMA
นครสวรรค์,เพาเวอร์บาย,นครสวรรค์,ภาคเหนือ,S00767,PB-CPN-NAKHONSAWAN
วิถีเทพ นครสวรรค์,เพาเวอร์บาย,นครสวรรค์,ภาคเหนือ,S00386,PB-VITEETHEP-NAKHONSAWAN
วีสแควร์ นครสวรรค์,เพาเวอร์บาย,นครสวรรค์,ภาคเหนือ,S00519,PB-BIG_C-NAKHONSAWAN
โกเพาเวอร์ ปากพนัง นครศรีธรรมราช,เพาเวอร์บาย,นครศรีธรรมราช,ภาคใต้,S00885,PB-GOP-PAKPANANG-NAKHONSITHAMMARAT
โชคดี นครศรีธรรมราช,เพาเวอร์บาย,นครศรีธรรมราช,ภาคใต้,S00485,PB-GOP-CHANDEE-NAKHONSITHAMMARAT
ท่าศาลา,เพาเวอร์บาย,นครศรีธรรมราช,ภาคใต้,S00511,PB-GOP-THASALA-NAKHONSITHAMMARAT
นครศรีธรรมราช,เพาเวอร์บาย,นครศรีธรรมราช,ภาคใต้,S00679,PB-CPN-NAKHONSITHAMMARAT
ร่อนพิบูลย์,เพาเวอร์บาย,นครศรีธรรมราช,ภาคใต้,S00498,PB-GOP-RONPHIBUN
ศรีบุญเรือง หนองบัวลำภู,เพาเวอร์บาย,หนองบัวลำภู,ภาคตะวันออกเฉียงเหนือ,S00529,PB-GOP-SRIBOONROEN-NONGBUALAMPHU
หนองบัวลำภู,เพาเวอร์บาย,หนองบัวลำภู,ภาคตะวันออกเฉียงเหนือ,S00559,PB-GOP-NONGBUALAMPHU
อัสวัน หนองคาย,เพาเวอร์บาย,หนองคาย,ภาคตะวันออกเฉียงเหนือ,S00674,PB-ASSAWAN-NONGKHAI
เวสเกต,เพาเวอร์บาย,นนทบุรี,กรุงเทพฯและภาคกลาง,S00129,PB:CPN-WEST_GATE
แจ้งวัฒนะ,เพาเวอร์บาย,นนทบุรี,กรุงเทพฯและภาคกลาง,S00651,PB:CPN-CHANGWATTANA
นอร์ทวิลล์,เพาเวอร์บาย,นนทบุรี,กรุงเทพฯและภาคกลาง,S00641,PB-CPN_NORTH_VILLE-NONTHABURI
บางใหญ่,เพาเวอร์บาย,นนทบุรี,กรุงเทพฯและภาคกลาง,S00713,PB:LT-BANGYAI-NONTHABURI
รัตนาธิเบศ,เพาเวอร์บาย,นนทบุรี,กรุงเทพฯและภาคกลาง,S00776,PB:RBS-RATTANATHIBATE
ราชพฤกษ์,เพาเวอร์บาย,นนทบุรี,กรุงเทพฯและภาคกลาง,S00401,PB:RBS-RATCHAPRUK
ราชพฤกษ์,เพาเวอร์บาย,นนทบุรี,กรุงเทพฯและภาคกลาง,S00575,PB:UPC-RATCHAPRUEK
ศรีสมาน,เพาเวอร์บาย,นนทบุรี,กรุงเทพฯและภาคกลาง,S00622,PB:RBS-SRISAMAN
คลองหลวง,เพาเวอร์บาย,ปทุมธานี,กรุงเทพฯและภาคกลาง,S01203,PB_LT:KHLONG_LUANG-PATHUMTHANI
ฟิวเจอร์พาร์ค รังสิต,เพาเวอร์บาย,ปทุมธานี,กรุงเทพฯและภาคกลาง,S00169,PB:CPN-FUTURE_PARK-RANGSIT
รังสิต,เพาเวอร์บาย,ปทุมธานี,กรุงเทพฯและภาคกลาง,S00707,PB:RBS-RANGSIT
พังงา,เพาเวอร์บาย,พังงา,ภาคใต้,S00659,PB-BIG_C-PHANGNGA
ท็อป-พะเยา,เพาเวอร์บาย,พะเยา,ภาคเหนือ,S00613,PB-TOPS_PLAZA-PHAYAO
เพชรบุรี,เพาเวอร์บาย,เพชรบุรี,ภาคตะวันตกและตะวันออก,S00462,PB-BIG_C-PHETCHABURI
เพชรบุรี,เพาเวอร์บาย,เพชรบุรี,ภาคตะวันตกและตะวันออก,S00680,PB-RBS-PHETCHABURI
ท็อป-พิจิตร,เพาเวอร์บาย,พิจิตร,ภาคเหนือ,S00671,PB-TOPS_PLAZA-PHICHIT
พิษณุโลก,เพาเวอร์บาย,พิษณุโลก,ภาคเหนือ,S00203,PB-CPN-PHITSANULOK
มาร์คโฟว์ แพร่,เพาเวอร์บาย,แพร่,ภาคเหนือ,S00661,PB-MARK_FOUR-PHRAE
เซ็นทรัลเฟสติวัล ภูเก็ต,เพาเวอร์บาย,ภูเก็ต,ภาคใต้,S00410,PB-CPN_FESTIVAL-PHUKET
จังซีลอน ภูเก็ต,เพาเวอร์บาย,ภูเก็ต,ภาคใต้,S00856,PB-RBS-JANGSILON-PHUKET
ถลาง ภูเก็ต,เพาเวอร์บาย,ภูเก็ต,ภาคใต้,S00057,PB-RBS-THALANG-PHUKET
ภูเก็ต,เพาเวอร์บาย,ภูเก็ต,ภาคใต้,S00627,PB-BNB-PHUKET
ปราจีนบุรี,เพาเวอร์บาย,ปราจีนบุรี,ภาคตะวันตกและตะวันออก,S00550,PB-RBS-PRACHINBURI
สเปส 304 ปราจีนบุรี,เพาเวอร์บาย,ปราจีนบุรี,ภาคตะวันตกและตะวันออก,S00769,PB-SPACE_304-PRACHINBURI
หัวหิน,เพาเวอร์บาย,ประจวบคีรีขันธ์,ภาคตะวันตกและตะวันออก,S00219,PB-GOP-HUAHIN-PRACHUAPKHIRIKHAN
ราชบุรี,เพาเวอร์บาย,ราชบุรี,ภาคตะวันตกและตะวันออก,S00649,PB-RBS-RATCHABURI
บ้านฉาง ระยอง,เพาเวอร์บาย,ระยอง,ภาคตะวันตกและตะวันออก,S00126,PB-RBS-BANCHANG-RAYONG
พาสชั่น ระยอง,เพาเวอร์บาย,ระยอง,ภาคตะวันตกและตะวันออก,S00556,PB-PASSION-RAYONG
ระยอง,เพาเวอร์บาย,ระยอง,ภาคตะวันตกและตะวันออก,S00076,PB-CPN-RAYONG
ระยอง,เพาเวอร์บาย,ระยอง,ภาคตะวันตกและตะวันออก,S01198,PB-BGC-RAYONG
ร้อยเอ็ด,เพาเวอร์บาย,ร้อยเอ็ด,ภาคตะวันออกเฉียงเหนือ,S00293,PB-RBS-ROIET
สกลนคร,เพาเวอร์บาย,สกลนคร,ภาคตะวันออกเฉียงเหนือ,S00731,PB-RBS-SAKONNAKHON
เมกาบางนา,เพาเวอร์บาย,สมุทรปราการ,กรุงเทพฯและภาคกลาง,S00051,PB:MEGA_BANGNA
บางพลี,เพาเวอร์บาย,สมุทรปราการ,กรุงเทพฯและภาคกลาง,S00053,PB:BIG_C-BANGPLEE
สมุทรปราการ,เพาเวอร์บาย,สมุทรปราการ,กรุงเทพฯและภาคกลาง,S00047,PB:RBS-SAMUTPRAKAN
สุขสวัสดิ์,เพาเวอร์บาย,สมุทรปราการ,กรุงเทพฯและภาคกลาง,S00118,PB:BIG_C-SUKSAWAT
อิมพีเรียล สำโรง,เพาเวอร์บาย,สมุทรปราการ,กรุงเทพฯและภาคกลาง,S00458,PB:IMPERIAL-SAMRONG
มหาชัย,เพาเวอร์บาย,สมุทรสาคร,ภาคตะวันตกและตะวันออก,S00393,PB:CPN-MAHACHAI-SAMUTSAKHON
สระบุรี,เพาเวอร์บาย,สระบุรี,ภาคตะวันตกและตะวันออก,S00106,PB-RBS-SARABURI
ไชยแสง สิงห์บุรี,เพาเวอร์บาย,สิงห์บุรี,ภาคตะวันตกและตะวันออก,S00352,PB-CHAI_SANG-SINGBURI
ท็อป สิงห์บุรี,เพาเวอร์บาย,สิงห์บุรี,ภาคตะวันตกและตะวันออก,S00576,PB-TOPS_PLAZA-SINGBURI
ลีทรัพสินย์ สงขลา,เพาเวอร์บาย,สงขลา,ภาคใต้,S00726,PB-LEE_SUBSIN-SONGKHLA
หาดใหญ่,เพาเวอร์บาย,สงขลา,ภาคใต้,S00282,PB-CPN_FESTIVAL-HADYAI-SONGKHLA
หาดใหญ่,เพาเวอร์บาย,สงขลา,ภาคใต้,S00728,PB-RBS-HADYAI-SONGKHLA
สุพรรณบุรี,เพาเวอร์บาย,สุพรรณบุรี,ภาคตะวันตกและตะวันออก,S00208,PB-RBS-SUPHANBURI
เกาะสมุย,เพาเวอร์บาย,สุราษฎร์ธานี,ภาคใต้,S00357,PB-CPN-SAMUI-SURATTHANI
สุราษฎร์ธานี,เพาเวอร์บาย,สุราษฎร์ธานี,ภาคใต้,S00171,PB-CPN-SURATTHANI
สุรินทร์,เพาเวอร์บาย,สุรินทร์,ภาคตะวันออกเฉียงเหนือ,S00209,PB-RBS-SURIN
แม่สอด ตาก,เพาเวอร์บาย,ตาก,ภาคเหนือ,S00517,PB-RBS-MAESOD-TAK
ตรัง,เพาเวอร์บาย,ตรัง,ภาคใต้,S00251,PB-RBS-TRANG
อุบล ราชธานี,เพาเวอร์บาย,อุบลราชธานี,ภาคตะวันออกเฉียงเหนือ,S00871,PB-LOTUS-UBONRATCHATHANI
อุบลราชธานี,เพาเวอร์บาย,อุบลราชธานี,ภาคตะวันออกเฉียงเหนือ,S00172,PB-CPN-UBONRATCHATHANI
บ้านผือ อุดรธานี,เพาเวอร์บาย,อุดรธานี,ภาคตะวันออกเฉียงเหนือ,S00424,PB-GOP-BAN_PHUE-UDONTHANI
ยูดีทาวน์ อุดรธานี,เพาเวอร์บาย,อุดรธานี,ภาคตะวันออกเฉียงเหนือ,S00482,PB-GOP-UD_TOWN-UDONTHANI
อุดรธานี,เพาเวอร์บาย,อุดรธานี,ภาคตะวันออกเฉียงเหนือ,S00113,PB-CPN-UDONTHANI
อุดรธานี,เพาเวอร์บาย,อุดรธานี,ภาคตะวันออกเฉียงเหนือ,S00653,PB-BIG_C-UDONTHANI
อุดรธานี,เพาเวอร์บาย,อุดรธานี,ภาคตะวันออกเฉียงเหนือ,S00657,PB-UPC-UDONTHANI
เดอะมอลล์ท่าพระ,เพาเวอร์มอลล์,กรุงเทพมหานคร,กรุงเทพฯและภาคกลาง,S00370,PM:THAPRA
เดอะมอลล์บางแค,เพาเวอร์มอลล์,กรุงเทพมหานคร,กรุงเทพฯและภาคกลาง,S00190,PM:BANGKAE
เดอะมอลล์บางกะปิ,เพาเวอร์มอลล์,กรุงเทพมหานคร,กรุงเทพฯและภาคกลาง,S00066,PM:BANGKAPI
เดอะมอลล์รามคำแหง,เพาเวอร์มอลล์,กรุงเทพมหานคร,กรุงเทพฯและภาคกลาง,S00795,PM:RAMKAMHANG
เอ็มโพเรียม,เพาเวอร์มอลล์,กรุงเทพมหานคร,กรุงเทพฯและภาคกลาง,S00327,PM:EMPORIUM
สยามพารากอน,เพาเวอร์มอลล์,กรุงเทพมหานคร,กรุงเทพฯและภาคกลาง,S00449,PM:SIAM_PARAGON
เดอะมอลล์โคราช,เพาเวอร์มอลล์,นครราชสีมา,ภาคตะวันออกเฉียงเหนือ,S00222,PM-NAKHONRATCHASIMA
เดอะมอลล์งามวงศ์วาน,เพาเวอร์มอลล์,นนทบุรี,กรุงเทพฯและภาคกลาง,S00349,PM:NGAMWONGWAN
อยุธยา,ไทยวัสดุ,พระนครศรีอยุธยา,ภาคตะวันตกและตะวันออก,S00255,TW-AYUTHAYA
นวมินทร์,ไทยวัสดุ,กรุงเทพมหานคร,กรุงเทพฯและภาคกลาง,S00306,TW:NAVAMIN
พระราม 2,ไทยวัสดุ,กรุงเทพมหานคร,กรุงเทพฯและภาคกลาง,S00177,TW:RAMA2
พระราม 3,ไทยวัสดุ,กรุงเทพมหานคร,กรุงเทพฯและภาคกลาง,S00372,TW:RAMA3
ราชพฤกษ์,ไทยวัสดุ,กรุงเทพมหานคร,กรุงเทพฯและภาคกลาง,S01626,TW:RAJCHAPRUKE
สุขาภิบาล 3,ไทยวัสดุ,กรุงเทพมหานคร,กรุงเทพฯและภาคกลาง,S00176,TW:SUKAPIBAN3
หนองจอก,ไทยวัสดุ,กรุงเทพมหานคร,กรุงเทพฯและภาคกลาง,S00706,TW:NONGCHOK
บุรีรัมย์,ไทยวัสดุ,บุรีรัมย์,ภาคตะวันออกเฉียงเหนือ,S00315,TW-BURIRAM
ฉะเชิงเทรา,ไทยวัสดุ,ฉะเชิงเทรา,ภาคตะวันตกและตะวันออก,S00146,TW-CHACHOENGSAO
ชัยนาท,ไทยวัสดุ,ชัยนาท,ภาคตะวันตกและตะวันออก,S00329,TW-CHAINAT
ชัยภูมิ,ไทยวัสดุ,ชัยภูมิ,ภาคตะวันออกเฉียงเหนือ,S00310,TW-CHAIYAPHUM
เซ็นทรัล จันทบุรี,ไทยวัสดุ,จันทบุรี,ภาคตะวันตกและตะวันออก,S01628,TW-CENTRAL_CHANTHABURI-CHANTHABURI
จันทบุรี,ไทยวัสดุ,จันทบุรี,ภาคตะวันตกและตะวันออก,S00180,TW-CHANTHABURI
เชียงใหม่,ไทยวัสดุ,เชียงใหม่,ภาคเหนือ,S00079,TW-CHIANGMAI
สนามบินเชียงใหม่,ไทยวัสดุ,เชียงใหม่,ภาคเหนือ,S01629,TW-AIR_PORT-CHIANGMAI
สันทราย,ไทยวัสดุ,เชียงใหม่,ภาคเหนือ,S00193,TW-SANSAI-CHIANGMAI
เชียงราย,ไทยวัสดุ,เชียงราย,ภาคเหนือ,S00250,TW-CHIANGRAI
แม่จัน เชียงราย,ไทยวัสดุ,เชียงราย,ภาคเหนือ,S00236,TW-MAE_CHAN-CHIANGRAI
ชลบุรี,ไทยวัสดุ,ชลบุรี,ภาคตะวันตกและตะวันออก,S00409,TW-CHONBURI
บ่อวิน,ไทยวัสดุ,ชลบุรี,ภาคตะวันตกและตะวันออก,S00388,TW-BORWIN-CHONBURI
บางแสน,ไทยวัสดุ,ชลบุรี,ภาคตะวันตกและตะวันออก,S00307,TW-BANGSEN-CHONBURI
พัทยา,ไทยวัสดุ,ชลบุรี,ภาคตะวันตกและตะวันออก,S01625,TW-PATTAYA-CHONBURI
พัทยาใต้,ไทยวัสดุ,ชลบุรี,ภาคตะวันตกและตะวันออก,S00128,TW-SOUTH-PATAYA-CHONBURI
ศรีราชา ชลบุรี,ไทยวัสดุ,ชลบุรี,ภาคตะวันตกและตะวันออก,S00246,TW-SIRACHA-CHONBURI
อมตะนคร,ไทยวัสดุ,ชลบุรี,ภาคตะวันตกและตะวันออก,S00986,TW-AMMATANAKHON-CHONBURI
กาฬสินธุ์,ไทยวัสดุ,กาฬสินธุ์,ภาคตะวันออกเฉียงเหนือ,S00809,TW-KALASIN
กำแพงเพชร,ไทยวัสดุ,กำแพงเพชร,ภาคเหนือ,S00422,TW-KAMPHAENGPHET
กาญจนบุรี,ไทยวัสดุ,กาญจนบุรี,ภาคตะวันตกและตะวันออก,S00158,TW-KANCHANABURI
ขอนแก่น,ไทยวัสดุ,ขอนแก่น,ภาคตะวันออกเฉียงเหนือ,S00364,TW-KHONKAEN
มิตรภาพ ขอนแก่น,ไทยวัสดุ,ขอนแก่น,ภาคตะวันออกเฉียงเหนือ,S00555,TW-MITTRAPHAP-KHONKAEN
ลำปาง,ไทยวัสดุ,ลำปาง,ภาคเหนือ,S00273,TW-LAMPANG
เลย,ไทยวัสดุ,เลย,ภาคตะวันออกเฉียงเหนือ,S00230,TW-LOEI
ลพบุรี,ไทยวัสดุ,ลพบุรี,ภาคตะวันตกและตะวันออก,S00122,TW-LOPBURI
มหาสารคาม,ไทยวัสดุ,มหาสารคาม,ภาคตะวันออกเฉียงเหนือ,S00174,TW-MAHASARAKHAM
มุกดาหาร,ไทยวัสดุ,มุกดาหาร,ภาคตะวันออกเฉียงเหนือ,S00323,TW-MUKDAHAN
นคร นายก,ไทยวัสดุ,นครนายก,ภาคตะวันตกและตะวันออก,S02168,TW-NAKHONNAYOK
นครปฐม,ไทยวัสดุ,นครปฐม,ภาคตะวันตกและตะวันออก,S00103,TW:NAKHONPATHOM
ศาลายา,ไทยวัสดุ,นครปฐม,ภาคตะวันตกและตะวันออก,S00248,TW:SALAYA-NAKHONPATHOM
นครราชสีมา,ไทยวัสดุ,นครราชสีมา,ภาคตะวันออกเฉียงเหนือ,S00296,TW-NAKHONRATCHASIMA
ปากช่อง,ไทยวัสดุ,นครราชสีมา,ภาคตะวันออกเฉียงเหนือ,S00108,TW-PAKCHONG-NAKHONRATCHASIMA
หัวทะเล โคราช,ไทยวัสดุ,นครราชสีมา,ภาคตะวันออกเฉียงเหนือ,S00287,TW-HUA_TALAE-NAKHONRATCHASIMA
นครสวรรค์,ไทยวัสดุ,นครสวรรค์,ภาคเหนือ,S00447,TW-NAKHONSAWAN
นครศรีธรรมราช,ไทยวัสดุ,นครศรีธรรมราช,ภาคใต้,S00143,TW-NAKHONSITHAMMARAT
น่าน,ไทยวัสดุ,น่าน,ภาคเหนือ,S00295,TW-NAN
หนองบัวลำภู,ไทยวัสดุ,หนองบัวลำภู,ภาคตะวันออกเฉียงเหนือ,S00257,TW-NONGBUALAMPHU
แจ้งวัฒนะ,ไทยวัสดุ,นนทบุรี,กรุงเทพฯและภาคกลาง,S00493,TW:CHANGWATTANA
โลตัส บางใหญ่,ไทยวัสดุ,นนทบุรี,กรุงเทพฯและภาคกลาง,S01627,TW:BAANANDBEYOND-LOTUS_BANGYAI
ชัยพฤกษ์,ไทยวัสดุ,นนทบุรี,กรุงเทพฯและภาคกลาง,S00322,TW:CHAIYAPRUK
นครอินทร์ บางกรวย,ไทยวัสดุ,นนทบุรี,กรุงเทพฯและภาคกลาง,S00235,TW:NAKHON_IN
บางใหญ่,ไทยวัสดุ,นนทบุรี,กรุงเทพฯและภาคกลาง,S00405,TW:BANGYAI
บางบัวทอง,ไทยวัสดุ,นนทบุรี,กรุงเทพฯและภาคกลาง,S00292,TW:BANGBUATHONG
รัตนาธิเบศ,ไทยวัสดุ,นนทบุรี,กรุงเทพฯและภาคกลาง,S00857,TW:RATTANATIBETH-NONTHABURI
ศรีสมาน,ไทยวัสดุ,นนทบุรี,กรุงเทพฯและภาคกลาง,S00417,TW:SRISAMAN-NONTHABURI
เมืองเอก,ไทยวัสดุ,ปทุมธานี,กรุงเทพฯและภาคกลาง,S00195,TW:MUEANG_EK-PATHUMTHANI
ปทุมธานี,ไทยวัสดุ,ปทุมธานี,กรุงเทพฯและภาคกลาง,S00427,TW:PATHUMTHANI
ปทุมธานี,ไทยวัสดุ,ปทุมธานี,กรุงเทพฯและภาคกลาง,S02300,TW:PATHUMTHANI
รังสิต 1,ไทยวัสดุ,ปทุมธานี,กรุงเทพฯและภาคกลาง,S00470,TW:RANGSIT
รังสิต คลอง 4,ไทยวัสดุ,ปทุมธานี,กรุงเทพฯและภาคกลาง,S00137,TW:RANGSIT_KLONG4
ลำลูกกา,ไทยวัสดุ,ปทุมธานี,กรุงเทพฯและภาคกลาง,S00271,TW:LUMLUKA
เพชรบูรณ์,ไทยวัสดุ,เพชรบูรณ์,ภาคเหนือ,S00356,TW-PHETCHABUN
เพชรบุรี,ไทยวัสดุ,เพชรบุรี,ภาคตะวันตกและตะวันออก,S00404,TW-PHETCHABURI
ชะอำ,ไทยวัสดุ,เพชรบุรี,ภาคตะวันตกและตะวันออก,S00270,TW-CHA_AM-PHETCHABURI
พิษณุโลก,ไทยวัสดุ,พิษณุโลก,ภาคเหนือ,S00181,TW-PHITSANULOK
แพร่,ไทยวัสดุ,แพร่,ภาคเหนือ,S00433,TW-PHRAE
เซ็นทรัลเฟสติวัล ภูเก็ต,ไทยวัสดุ,ภูเก็ต,ภาคใต้,S00490,TW-FESTIVAL-PHUKET
ฉลอง ภูเก็ต,ไทยวัสดุ,ภูเก็ต,ภาคใต้,S00104,TW-CHALONG-PHUKET
ถลาง ภูเก็ต,ไทยวัสดุ,ภูเก็ต,ภาคใต้,S00102,TW-THA_LANG-PHUKET
ศรีมหาโพธ ปราจีนบุรี,ไทยวัสดุ,ปราจีนบุรี,ภาคตะวันตกและตะวันออก,S00335,TW-SRIMAHAPHOT-PRACHINBURI
ราชบุรี,ไทยวัสดุ,ราชบุรี,ภาคตะวันตกและตะวันออก,S02311,TW-RATCHABURI
แกลง ระยอง,ไทยวัสดุ,ระยอง,ภาคตะวันตกและตะวันออก,S00347,TW-KLAENG-RAYONG
บ้านฉาง ระยอง,ไทยวัสดุ,ระยอง,ภาคตะวันตกและตะวันออก,S00406,TW-BANCHANG-RAYONG
ระยอง,ไทยวัสดุ,ระยอง,ภาคตะวันตกและตะวันออก,S00166,TW-RAYONG
ร้อยเอ็ด,ไทยวัสดุ,ร้อยเอ็ด,ภาคตะวันออกเฉียงเหนือ,S00340,TW-ROIET
สระแก้ว,ไทยวัสดุ,สระแก้ว,ภาคตะวันตกและตะวันออก,S00337,TW-SAKAEO
อรัญประเทศ,ไทยวัสดุ,สระแก้ว,ภาคตะวันตกและตะวันออก,S00309,TW-ARANYAPRATHET-SAKAEO
สกลนคร,ไทยวัสดุ,สกลนคร,ภาคตะวันออกเฉียงเหนือ,S00147,TW-SAKONNAKHON
บางนา,ไทยวัสดุ,สมุทรปราการ,กรุงเทพฯและภาคกลาง,S00030,TW:BANGNA
บางพลี,ไทยวัสดุ,สมุทรปราการ,กรุงเทพฯและภาคกลาง,S00284,TW:BANGPLEE
สมุทรปราการ,ไทยวัสดุ,สมุทรปราการ,กรุงเทพฯและภาคกลาง,S00150,TW:SAMUTPRAKAN
สุขสวัสดิ์,ไทยวัสดุ,สมุทรปราการ,กรุงเทพฯและภาคกลาง,S00148,TW:SUKSAWAT
บางบอน,ไทยวัสดุ,สมุทรสาคร,ภาคตะวันตกและตะวันออก,S00505,TW:BANGBON
อ้อมน้อย,ไทยวัสดุ,สมุทรสาคร,ภาคตะวันตกและตะวันออก,S00480,TW:AOM_NOI-SAMUTSAKHON
มหาชัย,ไทยวัสดุ,สมุทรสงคราม,ภาคตะวันตกและตะวันออก,S00280,TW-MAHACHAI
สระบุรี,ไทยวัสดุ,สระบุรี,ภาคตะวันตกและตะวันออก,S00243,TW-SARABURI
ศรีสะเกษ,ไทยวัสดุ,ศรีสะเกษ,ภาคตะวันออกเฉียงเหนือ,S00289,TW-SISAKET
สงขลา,ไทยวัสดุ,สงขลา,ภาคใต้,S00414,TW-SONGKHLA
หาดใหญ่,ไทยวัสดุ,สงขลา,ภาคใต้,S00249,TW-HATYAI-SONGKHLA
สุพรรณบุรี,ไทยวัสดุ,สุพรรณบุรี,ภาคตะวันตกและตะวันออก,S00088,TW-SUPHANBURI
สุราษฎร์ ธานี,ไทยวัสดุ,สุราษฎร์ธานี,ภาคใต้,S00264,TW-SURATTHANI
สุรินทร์,ไทยวัสดุ,สุรินทร์,ภาคตะวันออกเฉียงเหนือ,S00241,TW-SURIN
ตาก,ไทยวัสดุ,ตาก,ภาคเหนือ,S00346,TW-TAK
ตรัง,ไทยวัสดุ,ตรัง,ภาคใต้,S00300,TW-TRANG
อุบล ราชธานี,ไทยวัสดุ,อุบลราชธานี,ภาคตะวันออกเฉียงเหนือ,S00442,TW-UBONRATCHATHANI
กุดสะ อุดรธานี,ไทยวัสดุ,อุดรธานี,ภาคตะวันออกเฉียงเหนือ,S00369,TW-KUT_SA-UDONTHANI
อุดร ธานี,ไทยวัสดุ,อุดรธานี,ภาคตะวันออกเฉียงเหนือ,S00313,TW-UDONTHANI
อุทัยธานี,ไทยวัสดุ,อุทัยธานี,ภาคเหนือ,S00389,TW-UTHAITHANI
ยโสธร,ไทยวัสดุ,ยโสธร,ภาคตะวันออกเฉียงเหนือ,S00178,TW-YASOTHON
