ชื่อสาขา,ห้าง,จังหวัด,ภูมิภาค
อำนาจเจริญ,บิ๊กซี,อำนาจเจริญ,ภาคตะวันออกเฉียงเหนือ
อ่างทอง,บิ๊กซี,อ่างทอง,ภาคตะวันตกและตะวันออก
อยุธยา,บิ๊กซี,พระนครศรีอยุธยา,ภาคตะวันตกและตะวันออก
เพชรเกษม 1,บิ๊กซี,กรุงเทพมหานคร,กรุงเทพฯและภาคกลาง
เพชรเกษม 2,บิ๊กซี,กรุงเทพมหานคร,กรุงเทพฯและภาคกลาง
เอกมัย,บิ๊กซี,กรุงเทพมหานคร,กรุงเทพฯและภาคกลาง
แจ้งวัฒนะ 1,บิ๊กซี,กรุงเทพมหานคร,กรุงเทพฯและภาคกลาง
แฟชั่นไอส์แลนด์,บิ๊กซี,กรุงเทพมหานคร,กรุงเทพฯและภาคกลาง
กัลปพฤกษ์,บิ๊กซี,กรุงเทพมหานคร,กรุงเทพฯและภาคกลาง
ดอนเมือง,บิ๊กซี,กรุงเทพมหานคร,กรุงเทพฯและภาคกลาง
ดาวคะนอง,บิ๊กซี,กรุงเทพมหานคร,กรุงเทพฯและภาคกลาง
บางนา,บิ๊กซี,กรุงเทพมหานคร,กรุงเทพฯและภาคกลาง
บางบอน,บิ๊กซี,กรุงเทพมหานคร,กรุงเทพฯและภาคกลาง
บางปะกอก,บิ๊กซี,กรุงเทพมหานคร,กรุงเทพฯและภาคกลาง
ประชาอุทิศ,บิ๊กซี,กรุงเทพมหานคร,กรุงเทพฯและภาคกลาง
พระราม 2,บิ๊กซี,กรุงเทพมหานคร,กรุงเทพฯและภาคกลาง
พระราม 2 (2),บิ๊กซี,กรุงเทพมหานคร,กรุงเทพฯและภาคกลาง
พระราม 4,บิ๊กซี,กรุงเทพมหานคร,กรุงเทพฯและภาคกลาง
ร่มเกล้า,บิ๊กซี,กรุงเทพมหานคร,กรุงเทพฯและภาคกลาง
รังสิต 2,บิ๊กซี,กรุงเทพมหานคร,กรุงเทพฯและภาคกลาง
รัชดา,บิ๊กซี,กรุงเทพมหานคร,กรุงเทพฯและภาคกลาง
ราชดำริ,บิ๊กซี,กรุงเทพมหานคร,กรุงเทพฯและภาคกลาง
รามอินทรา,บิ๊กซี,กรุงเทพมหานคร,กรุงเทพฯและภาคกลาง
ราษฎร์บูรณะ จัมโบ้,บิ๊กซี,กรุงเทพมหานคร,กรุงเทพฯและภาคกลาง
ลาดพร้าว 1,บิ๊กซี,กรุงเทพมหานคร,กรุงเทพฯและภาคกลาง
ลาดพร้าว 2,บิ๊กซี,กรุงเทพมหานคร,กรุงเทพฯและภาคกลาง
วงศ์สว่าง,บิ๊กซี,กรุงเทพมหานคร,กรุงเทพฯและภาคกลาง
สวนหลวง,บิ๊กซี,กรุงเทพมหานคร,กรุงเทพฯและภาคกลาง
สะพานควาย,บิ๊กซี,กรุงเทพมหานคร,กรุงเทพฯและภาคกลาง
สายไหม,บิ๊กซี,กรุงเทพมหานคร,กรุงเทพฯและภาคกลาง
สุขาภิบาล 3 (1),บิ๊กซี,กรุงเทพมหานคร,กรุงเทพฯและภาคกลาง
สุขาภิบาล 3 (2),บิ๊กซี,กรุงเทพมหานคร,กรุงเทพฯและภาคกลาง
สุขาภิบาล 5,บิ๊กซี,กรุงเทพมหานคร,กรุงเทพฯและภาคกลาง
สุวินทวงศ์,บิ๊กซี,กรุงเทพมหานคร,กรุงเทพฯและภาคกลาง
หทัยราษฎร์,บิ๊กซี,กรุงเทพมหานคร,กรุงเทพฯและภาคกลาง
หนองจอก,บิ๊กซี,กรุงเทพมหานคร,กรุงเทพฯและภาคกลาง
หัวหมาก,บิ๊กซี,กรุงเทพมหานคร,กรุงเทพฯและภาคกลาง
อ่อนนุช,บิ๊กซี,กรุงเทพมหานคร,กรุงเทพฯและภาคกลาง
อิสรภาพ,บิ๊กซี,กรุงเทพมหานคร,กรุงเทพฯและภาคกลาง
บุรีรัมย์,บิ๊กซี,บุรีรัมย์,ภาคตะวันออกเฉียงเหนือ
หนองกี่ บุรีรัมย์,บิ๊กซี,บุรีรัมย์,ภาคตะวันออกเฉียงเหนือ
ห้วยแถลง,บิ๊กซี,บุรีรัมย์,ภาคตะวันออกเฉียงเหนือ
ฉะเชิงเทรา 1,บิ๊กซี,ฉะเชิงเทรา,ภาคตะวันตกและตะวันออก
ฉะเชิงเทรา 2,บิ๊กซี,ฉะเชิงเทรา,ภาคตะวันตกและตะวันออก
ชัยภูมิ,บิ๊กซี,ชัยภูมิ,ภาคตะวันออกเฉียงเหนือ
จันทบุรี,บิ๊กซี,จันทบุรี,ภาคตะวันตกและตะวันออก
เชียงใหม่ 1,บิ๊กซี,เชียงใหม่,ภาคเหนือ
เชียงใหม่ 2,บิ๊กซี,เชียงใหม่,ภาคเหนือ
หางดง 1,บิ๊กซี,เชียงใหม่,ภาคเหนือ
หางดง 2,บิ๊กซี,เชียงใหม่,ภาคเหนือ
เชียงราย,บิ๊กซี,เชียงราย,ภาคเหนือ
เชียงราย 2,บิ๊กซี,เชียงราย,ภาคเหนือ
เซ็นทรัลชลบุรี,บิ๊กซี,ชลบุรี,ภาคตะวันตกและตะวันออก
ชลบุรี 1,บิ๊กซี,ชลบุรี,ภาคตะวันตกและตะวันออก
ชลบุรี 2,บิ๊กซี,ชลบุรี,ภาคตะวันตกและตะวันออก
บ่อวิน,บิ๊กซี,ชลบุรี,ภาคตะวันตกและตะวันออก
บ้านบึง ชลบุรี,บิ๊กซี,ชลบุรี,ภาคตะวันตกและตะวันออก
พัทยา 1,บิ๊กซี,ชลบุรี,ภาคตะวันตกและตะวันออก
พัทยา 2 โฮเรก้า,บิ๊กซี,ชลบุรี,ภาคตะวันตกและตะวันออก
พัทยา 3,บิ๊กซี,ชลบุรี,ภาคตะวันตกและตะวันออก
สัตหีบ,บิ๊กซี,ชลบุรี,ภาคตะวันตกและตะวันออก
ชุมพร,บิ๊กซี,ชุมพร,ภาคใต้
กาฬสินธุ์,บิ๊กซี,กาฬสินธุ์,ภาคตะวันออกเฉียงเหนือ
กำแพงเพชร,บิ๊กซี,กำแพงเพชร,ภาคเหนือ
กาญจนบุรี,บิ๊กซี,กาญจนบุรี,ภาคตะวันตกและตะวันออก
กระนวน,บิ๊กซี,ขอนแก่น,ภาคตะวันออกเฉียงเหนือ
ขอนแก่น,บิ๊กซี,ขอนแก่น,ภาคตะวันออกเฉียงเหนือ
ขอนแก่น (เมืองเก่า),บิ๊กซี,ขอนแก่น,ภาคตะวันออกเฉียงเหนือ
บ้านไผ่,บิ๊กซี,ขอนแก่น,ภาคตะวันออกเฉียงเหนือ
กระบี่,บิ๊กซี,กระบี่,ภาคใต้
ลำปาง,บิ๊กซี,ลำปาง,ภาคเหนือ
ลำพูน,บิ๊กซี,ลำพูน,ภาคเหนือ
เลย,บิ๊กซี,เลย,ภาคตะวันออกเฉียงเหนือ
วังสะพุง,บิ๊กซี,เลย,ภาคตะวันออกเฉียงเหนือ
ลพบุรี 1,บิ๊กซี,ลพบุรี,ภาคตะวันตกและตะวันออก
ลพบุรี 2,บิ๊กซี,ลพบุรี,ภาคตะวันตกและตะวันออก
มหาสารคาม,บิ๊กซี,มหาสารคาม,ภาคตะวันออกเฉียงเหนือ
มุกดาหาร,บิ๊กซี,มุกดาหาร,ภาคตะวันออกเฉียงเหนือ
นครปฐม,บิ๊กซี,นครปฐม,ภาคตะวันตกและตะวันออก
อ้อมใหญ่,บิ๊กซี,นครปฐม,ภาคตะวันตกและตะวันออก
นครพนม,บิ๊กซี,นครพนม,ภาคตะวันออกเฉียงเหนือ
โคราช,บิ๊กซี,นครราชสีมา,ภาคตะวันออกเฉียงเหนือ
โคราช 2,บิ๊กซี,นครราชสีมา,ภาคตะวันออกเฉียงเหนือ
โนนสูง,บิ๊กซี,นครราชสีมา,ภาคตะวันออกเฉียงเหนือ
ด่านขุนทด (โคราช),บิ๊กซี,นครราชสีมา,ภาคตะวันออกเฉียงเหนือ
ปากช่อง,บิ๊กซี,นครราชสีมา,ภาคตะวันออกเฉียงเหนือ
สีคิ้ว,บิ๊กซี,นครราชสีมา,ภาคตะวันออกเฉียงเหนือ
ท่าตะโก นครสวรรค์,บิ๊กซี,นครสวรรค์,ภาคเหนือ
นครสวรรค์ 1,บิ๊กซี,นครสวรรค์,ภาคเหนือ
นครสวรรค์ 2,บิ๊กซี,นครสวรรค์,ภาคเหนือ
ลาดยาว นครสวรรค์,บิ๊กซี,นครสวรรค์,ภาคเหนือ
หนองบัว นครสวรรค์,บิ๊กซี,นครสวรรค์,ภาคเหนือ
นครศรีธรรมราช 2,บิ๊กซี,นครศรีธรรมราช,ภาคใต้
น่าน,บิ๊กซี,น่าน,ภาคเหนือ
นราธิวาส,บิ๊กซี,นราธิวาส,ภาคใต้
สุไหงโกลก,บิ๊กซี,นราธิวาส,ภาคใต้
โพนพิสัย,บิ๊กซี,หนองคาย,ภาคตะวันออกเฉียงเหนือ
หนองคาย,บิ๊กซี,หนองคาย,ภาคตะวันออกเฉียงเหนือ
แจ้งวัฒนะ 2,บิ๊กซี,นนทบุรี,กรุงเทพฯและภาคกลาง
ไทรน้อย,บิ๊กซี,นนทบุรี,กรุงเทพฯและภาคกลาง
ติวานนท์,บิ๊กซี,นนทบุรี,กรุงเทพฯและภาคกลาง
บางใหญ่,บิ๊กซี,นนทบุรี,กรุงเทพฯและภาคกลาง
รัตนาธิเบศร์ 1,บิ๊กซี,นนทบุรี,กรุงเทพฯและภาคกลาง
รัตนาธิเบศร์ 2,บิ๊กซี,นนทบุรี,กรุงเทพฯและภาคกลาง
นวนคร จัมโบ้,บิ๊กซี,ปทุมธานี,กรุงเทพฯและภาคกลาง
ปทุมธานี,บิ๊กซี,ปทุมธานี,กรุงเทพฯและภาคกลาง
รังสิต 1,บิ๊กซี,ปทุมธานี,กรุงเทพฯและภาคกลาง
รังสิต คลอง 3,บิ๊กซี,ปทุมธานี,กรุงเทพฯและภาคกลาง
รังสิต คลอง 6,บิ๊กซี,ปทุมธานี,กรุงเทพฯและภาคกลาง
ลำลูกกา 1,บิ๊กซี,ปทุมธานี,กรุงเทพฯและภาคกลาง
ลำลูกกา 2,บิ๊กซี,ปทุมธานี,กรุงเทพฯและภาคกลาง
ปัตตานี,บิ๊กซี,ปัตตานี,ภาคใต้
พังงา,บิ๊กซี,พังงา,ภาคใต้
เพชรบูรณ์,บิ๊กซี,เพชรบูรณ์,ภาคเหนือ
วิเชียรบุรี เพชรบูรณ์,บิ๊กซี,เพชรบูรณ์,ภาคเหนือ
หล่มสัก,บิ๊กซี,เพชรบูรณ์,ภาคเหนือ
เพชรบุรี,บิ๊กซี,เพชรบุรี,ภาคตะวันตกและตะวันออก
พิษณุโลก,บิ๊กซี,พิษณุโลก,ภาคเหนือ
แพร่,บิ๊กซี,แพร่,ภาคเหนือ
หาดกมลา ภูเก็ต,บิ๊กซี,ภูเก็ต,ภาคใต้
ภูเก็ต 1,บิ๊กซี,ภูเก็ต,ภาคใต้
ภูเก็ต 2,บิ๊กซี,ภูเก็ต,ภาคใต้
ศรีมหาโพธ ปราจีนบุรี,บิ๊กซี,ปราจีนบุรี,ภาคตะวันตกและตะวันออก
หัวหิน,บิ๊กซี,ประจวบคีรีขันธ์,ภาคตะวันตกและตะวันออก
ระนอง,บิ๊กซี,ระนอง,ภาคใต้
บ้านโป่ง,บิ๊กซี,ราชบุรี,ภาคตะวันตกและตะวันออก
ราชบุรี,บิ๊กซี,ราชบุรี,ภาคตะวันตกและตะวันออก
แหลมทอง,บิ๊กซี,ระยอง,ภาคตะวันตกและตะวันออก
ปลวกแดง ระยอง,บิ๊กซี,ระยอง,ภาคตะวันตกและตะวันออก
ระยอง,บิ๊กซี,ระยอง,ภาคตะวันตกและตะวันออก
ร้อยเอ็ด,บิ๊กซี,ร้อยเอ็ด,ภาคตะวันออกเฉียงเหนือ
สุวรรณภูมิ (ร้อยเอ็ด),บิ๊กซี,ร้อยเอ็ด,ภาคตะวันออกเฉียงเหนือ
วังน้ำเย็น (สระแก้ว),บิ๊กซี,สระแก้ว,ภาคตะวันตกและตะวันออก
สระแก้ว,บิ๊กซี,สระแก้ว,ภาคตะวันตกและตะวันออก
อรัญประเทศ,บิ๊กซี,สระแก้ว,ภาคตะวันตกและตะวันออก
คำตากล้า สกลนคร,บิ๊กซี,สกลนคร,ภาคตะวันออกเฉียงเหนือ
พังโคน สกลนคร,บิ๊กซี,สกลนคร,ภาคตะวันออกเฉียงเหนือ
สกลนคร,บิ๊กซี,สกลนคร,ภาคตะวันออกเฉียงเหนือ
เมกาบางนา,บิ๊กซี,สมุทรปราการ,กรุงเทพฯและภาคกลาง
จัมโบ้ สำโรง,บิ๊กซี,สมุทรปราการ,กรุงเทพฯและภาคกลาง
บางพลี,บิ๊กซี,สมุทรปราการ,กรุงเทพฯและภาคกลาง
ศรีนครินทร์,บิ๊กซี,สมุทรปราการ,กรุงเทพฯและภาคกลาง
สมุทรปราการ,บิ๊กซี,สมุทรปราการ,กรุงเทพฯและภาคกลาง
สำโรง 1,บิ๊กซี,สมุทรปราการ,กรุงเทพฯและภาคกลาง
สุขสวัสดิ์,บิ๊กซี,สมุทรปราการ,กรุงเทพฯและภาคกลาง
หนามแดง,บิ๊กซี,สมุทรปราการ,กรุงเทพฯและภาคกลาง
มหาชัย,บิ๊กซี,สมุทรสาคร,ภาคตะวันตกและตะวันออก
มหาชัย 2,บิ๊กซี,สมุทรสาคร,ภาคตะวันตกและตะวันออก
สมุทรสงคราม,บิ๊กซี,สมุทรสงคราม,ภาคตะวันตกและตะวันออก
สระบุรี,บิ๊กซี,สระบุรี,ภาคตะวันตกและตะวันออก
สตูล,บิ๊กซี,สตูล,ภาคใต้
ศรีสะเกษ,บิ๊กซี,ศรีสะเกษ,ภาคตะวันออกเฉียงเหนือ
นาทวี,บิ๊กซี,สงขลา,ภาคใต้
หาดใหญ่ 1,บิ๊กซี,สงขลา,ภาคใต้
หาดใหญ่ 2,บิ๊กซี,สงขลา,ภาคใต้
สุโขทัย,บิ๊กซี,สุโขทัย,ภาคเหนือ
สุพรรณบุรี,บิ๊กซี,สุพรรณบุรี,ภาคตะวันตกและตะวันออก
เกาะพะงัน,บิ๊กซี,สุราษฎร์ธานี,ภาคใต้
เกาะสมุย,บิ๊กซี,สุราษฎร์ธานี,ภาคใต้
สุราษฎร์ธานี,บิ๊กซี,สุราษฎร์ธานี,ภาคใต้
สุรินทร์,บิ๊กซี,สุรินทร์,ภาคตะวันออกเฉียงเหนือ
ตาก,บิ๊กซี,ตาก,ภาคเหนือ
ตรัง,บิ๊กซี,ตรัง,ภาคใต้
น้ำยืน อุบลราชธานี,บิ๊กซี,อุบลราชธานี,ภาคตะวันออกเฉียงเหนือ
พิบูลมังสาหาร,บิ๊กซี,อุบลราชธานี,ภาคตะวันออกเฉียงเหนือ
วารินชำราบ,บิ๊กซี,อุบลราชธานี,ภาคตะวันออกเฉียงเหนือ
อุบล,บิ๊กซี,อุบลราชธานี,ภาคตะวันออกเฉียงเหนือ
บ้านดุง อุดรธานี,บิ๊กซี,อุดรธานี,ภาคตะวันออกเฉียงเหนือ
อุดรธานี 1,บิ๊กซี,อุดรธานี,ภาคตะวันออกเฉียงเหนือ
อุดรธานี 2,บิ๊กซี,อุดรธานี,ภาคตะวันออกเฉียงเหนือ
ยะลา,บิ๊กซี,ยะลา,ภาคใต้
ยโสธร,บิ๊กซี,ยโสธร,ภาคตะวันออกเฉียงเหนือ
รัชดาภิเษก,บุญถาวร,กรุงเทพมหานคร,กรุงเทพฯและภาคกลาง
พุทธมณฑล,บุญถาวร,นครปฐม,ภาคตะวันตกและตะวันออก
อยุธยา,ดูโฮม,พระนครศรีอยุธยา,ภาคตะวันตกและตะวันออก
บางนา-ตราด,ดูโฮม,กรุงเทพมหานคร,กรุงเทพฯและภาคกลาง
บุรีรัมย์,ดูโฮม,บุรีรัมย์,ภาคตะวันออกเฉียงเหนือ
ชัยภูมิ,ดูโฮม,ชัยภูมิ,ภาคตะวันออกเฉียงเหนือ
เชียงใหม่,ดูโฮม,เชียงใหม่,ภาคเหนือ
เชียงราย,ดูโฮม,เชียงราย,ภาคเหนือ
แหลมฉบัง,ดูโฮม,ชลบุรี,ภาคตะวันตกและตะวันออก
บ่อวิน,ดูโฮม,ชลบุรี,ภาคตะวันตกและตะวันออก
อมตะนคร,ดูโฮม,ชลบุรี,ภาคตะวันตกและตะวันออก
กาญจนบุรี,ดูโฮม,กาญจนบุรี,ภาคตะวันตกและตะวันออก
ขอนแก่น,ดูโฮม,ขอนแก่น,ภาคตะวันออกเฉียงเหนือ
นครราชสีมา,ดูโฮม,นครราชสีมา,ภาคตะวันออกเฉียงเหนือ
นครสวรรค์,ดูโฮม,นครสวรรค์,ภาคเหนือ
บางบัวทอง,ดูโฮม,นนทบุรี,กรุงเทพฯและภาคกลาง
บางพูน,ดูโฮม,ปทุมธานี,กรุงเทพฯและภาคกลาง
รังสิต,ดูโฮม,ปทุมธานี,กรุงเทพฯและภาคกลาง
พิษณุโลก,ดูโฮม,พิษณุโลก,ภาคเหนือ
ภูเก็ต,ดูโฮม,ภูเก็ต,ภาคใต้
มาบตาพุด,ดูโฮม,ระยอง,ภาคตะวันตกและตะวันออก
เทพารักษ์,ดูโฮม,สมุทรปราการ,กรุงเทพฯและภาคกลาง
เพชรเกษม,ดูโฮม,สมุทรสาคร,ภาคตะวันตกและตะวันออก
มหาชัย,ดูโฮม,สมุทรสาคร,ภาคตะวันตกและตะวันออก
หาดใหญ่,ดูโฮม,สงขลา,ภาคใต้
สุราษฎร์ธานี,ดูโฮม,สุราษฎร์ธานี,ภาคใต้
สุรินทร์,ดูโฮม,สุรินทร์,ภาคตะวันออกเฉียงเหนือ
อุบลราชธานี,ดูโฮม,อุบลราชธานี,ภาคตะวันออกเฉียงเหนือ
อุดรธานี,ดูโฮม,อุดรธานี,ภาคตะวันออกเฉียงเหนือ
อ่างทอง,โกลบอลเฮ้าส์,อ่างทอง,ภาคตะวันตกและตะวันออก
อยุธยา,โกลบอลเฮ้าส์,พระนครศรีอยุธยา,ภาคตะวันตกและตะวันออก
เดอะไนน์เซ็นเตอร์ติวานนท์,โกลบอลเฮ้าส์,กรุงเทพมหานคร,กรุงเทพฯและภาคกลาง
บึงกาฬ,โกลบอลเฮ้าส์,บึงกาฬ,ภาคตะวันออกเฉียงเหนือ
พรเจริญ,โกลบอลเฮ้าส์,บึงกาฬ,ภาคตะวันออกเฉียงเหนือ
นางรอง,โกลบอลเฮ้าส์,บุรีรัมย์,ภาคตะวันออกเฉียงเหนือ
บุรีรัมย์,โกลบอลเฮ้าส์,บุรีรัมย์,ภาคตะวันออกเฉียงเหนือ
ลำปลายมาศ,โกลบอลเฮ้าส์,บุรีรัมย์,ภาคตะวันออกเฉียงเหนือ
ชัยนาท,โกลบอลเฮ้าส์,ชัยนาท,ภาคตะวันตกและตะวันออก
ชัยภูมิ,โกลบอลเฮ้าส์,ชัยภูมิ,ภาคตะวันออกเฉียงเหนือ
จันทบุรี,โกลบอลเฮ้าส์,จันทบุรี,ภาคตะวันตกและตะวันออก
เวียงกุมกาม,โกลบอลเฮ้าส์,เชียงใหม่,ภาคเหนือ
ฝาง,โกลบอลเฮ้าส์,เชียงใหม่,ภาคเหนือ
เชียงราย,โกลบอลเฮ้าส์,เชียงราย,ภาคเหนือ
เวียงป่าเป้า,โกลบอลเฮ้าส์,เชียงราย,ภาคเหนือ
แม่สาย,โกลบอลเฮ้าส์,เชียงราย,ภาคเหนือ
พาน เชียงราย,โกลบอลเฮ้าส์,เชียงราย,ภาคเหนือ
ชลบุรี,โกลบอลเฮ้าส์,ชลบุรี,ภาคตะวันตกและตะวันออก
ชุมพร,โกลบอลเฮ้าส์,ชุมพร,ภาคใต้
กาฬสินธุ์,โกลบอลเฮ้าส์,กาฬสินธุ์,ภาคตะวันออกเฉียงเหนือ
กุฉินารายณ์,โกลบอลเฮ้าส์,กาฬสินธุ์,ภาคตะวันออกเฉียงเหนือ
สมเด็จ,โกลบอลเฮ้าส์,กาฬสินธุ์,ภาคตะวันออกเฉียงเหนือ
กำแพงเพชร,โกลบอลเฮ้าส์,กำแพงเพชร,ภาคเหนือ
กาญจนบุรี,โกลบอลเฮ้าส์,กาญจนบุรี,ภาคตะวันตกและตะวันออก
กระนวน,โกลบอลเฮ้าส์,ขอนแก่น,ภาคตะวันออกเฉียงเหนือ
ขอนแก่น,โกลบอลเฮ้าส์,ขอนแก่น,ภาคตะวันออกเฉียงเหนือ
ชุมแพ,โกลบอลเฮ้าส์,ขอนแก่น,ภาคตะวันออกเฉียงเหนือ
บ้านไผ่,โกลบอลเฮ้าส์,ขอนแก่น,ภาคตะวันออกเฉียงเหนือ
ลำปาง,โกลบอลเฮ้าส์,ลำปาง,ภาคเหนือ
ลำพูน,โกลบอลเฮ้าส์,ลำพูน,ภาคเหนือ
เลย,โกลบอลเฮ้าส์,เลย,ภาคตะวันออกเฉียงเหนือ
ลพบุรี,โกลบอลเฮ้าส์,ลพบุรี,ภาคตะวันตกและตะวันออก
แม่ฮ่องสอน,โกลบอลเฮ้าส์,แม่ฮ่องสอน,ภาคเหนือ
พยัคฆภูมิพิสัย,โกลบอลเฮ้าส์,มหาสารคาม,ภาคตะวันออกเฉียงเหนือ
มหาสารคาม,โกลบอลเฮ้าส์,มหาสารคาม,ภาคตะวันออกเฉียงเหนือ
มุกดาหาร,โกลบอลเฮ้าส์,มุกดาหาร,ภาคตะวันออกเฉียงเหนือ
นครนายก,โกลบอลเฮ้าส์,นครนายก,ภาคตะวันตกและตะวันออก
นครปฐม,โกลบอลเฮ้าส์,นครปฐม,ภาคตะวันตกและตะวันออก
ศาลายา,โกลบอลเฮ้าส์,นครปฐม,ภาคตะวันตกและตะวันออก
นครพนม,โกลบอลเฮ้าส์,นครพนม,ภาคตะวันออกเฉียงเหนือ
โชคชัย,โกลบอลเฮ้าส์,นครราชสีมา,ภาคตะวันออกเฉียงเหนือ
ด่านขุนทด,โกลบอลเฮ้าส์,นครราชสีมา,ภาคตะวันออกเฉียงเหนือ
นครราชสีมา,โกลบอลเฮ้าส์,นครราชสีมา,ภาคตะวันออกเฉียงเหนือ
พิมาย,โกลบอลเฮ้าส์,นครราชสีมา,ภาคตะวันออกเฉียงเหนือ
นครสวรรค์,โกลบอลเฮ้าส์,นครสวรรค์,ภาคเหนือ
ลาดยาว นครสวรรค์,โกลบอลเฮ้าส์,นครสวรรค์,ภาคเหนือ
นครศรีธรรมราช,โกลบอลเฮ้าส์,นครศรีธรรมราช,ภาคใต้
เวียงสา,โกลบอลเฮ้าส์,น่าน,ภาคเหนือ
น่าน,โกลบอลเฮ้าส์,น่าน,ภาคเหนือ
นราธิวาส,โกลบอลเฮ้าส์,นราธิวาส,ภาคใต้
หนองบัวลำภู,โกลบอลเฮ้าส์,หนองบัวลำภู,ภาคตะวันออกเฉียงเหนือ
โพนพิสัย,โกลบอลเฮ้าส์,หนองคาย,ภาคตะวันออกเฉียงเหนือ
หนองคาย,โกลบอลเฮ้าส์,หนองคาย,ภาคตะวันออกเฉียงเหนือ
ไทรน้อย,โกลบอลเฮ้าส์,นนทบุรี,กรุงเทพฯและภาคกลาง
ปทุมธานี 1,โกลบอลเฮ้าส์,ปทุมธานี,กรุงเทพฯและภาคกลาง
ปัตตานี,โกลบอลเฮ้าส์,ปัตตานี,ภาคใต้
พัทลุง,โกลบอลเฮ้าส์,พัทลุง,ภาคใต้
เชียงคำ,โกลบอลเฮ้าส์,พะเยา,ภาคเหนือ
พะเยา,โกลบอลเฮ้าส์,พะเยา,ภาคเหนือ
เพชรบูรณ์,โกลบอลเฮ้าส์,เพชรบูรณ์,ภาคเหนือ
พิจิตร,โกลบอลเฮ้าส์,พิจิตร,ภาคเหนือ
พิษณุโลก,โกลบอลเฮ้าส์,พิษณุโลก,ภาคเหนือ
วังทอง,โกลบอลเฮ้าส์,พิษณุโลก,ภาคเหนือ
แพร่,โกลบอลเฮ้าส์,แพร่,ภาคเหนือ
ภูเก็ต,โกลบอลเฮ้าส์,ภูเก็ต,ภาคใต้
กบินทร์บุรี,โกลบอลเฮ้าส์,ปราจีนบุรี,ภาคตะวันตกและตะวันออก
ประจวบคีรีขันธ์,โกลบอลเฮ้าส์,ประจวบคีรีขันธ์,ภาคตะวันตกและตะวันออก
ปราณบุรี,โกลบอลเฮ้าส์,ประจวบคีรีขันธ์,ภาคตะวันตกและตะวันออก
ระนอง,โกลบอลเฮ้าส์,ระนอง,ภาคใต้
ราชบุรี,โกลบอลเฮ้าส์,ราชบุรี,ภาคตะวันตกและตะวันออก
ระยอง,โกลบอลเฮ้าส์,ระยอง,ภาคตะวันตกและตะวันออก
โพนทอง,โกลบอลเฮ้าส์,ร้อยเอ็ด,ภาคตะวันออกเฉียงเหนือ
ร้อยเอ็ด,โกลบอลเฮ้าส์,ร้อยเอ็ด,ภาคตะวันออกเฉียงเหนือ
อรัญประเทศ,โกลบอลเฮ้าส์,สระแก้ว,ภาคตะวันตกและตะวันออก
พังโคน สกลนคร,โกลบอลเฮ้าส์,สกลนคร,ภาคตะวันออกเฉียงเหนือ
สกลนคร,โกลบอลเฮ้าส์,สกลนคร,ภาคตะวันออกเฉียงเหนือ
สว่างแดนดิน,โกลบอลเฮ้าส์,สกลนคร,ภาคตะวันออกเฉียงเหนือ
เทพารักษ์,โกลบอลเฮ้าส์,สมุทรปราการ,กรุงเทพฯและภาคกลาง
กระทุ่มแบน,โกลบอลเฮ้าส์,สมุทรสาคร,ภาคตะวันตกและตะวันออก
สมุทรสงคราม,โกลบอลเฮ้าส์,สมุทรสงคราม,ภาคตะวันตกและตะวันออก
สตูล,โกลบอลเฮ้าส์,สตูล,ภาคใต้
สิงห์บุรี,โกลบอลเฮ้าส์,สิงห์บุรี,ภาคตะวันตกและตะวันออก
กันทรลักษ์,โกลบอลเฮ้าส์,ศรีสะเกษ,ภาคตะวันออกเฉียงเหนือ
จะนะ สงขลา,โกลบอลเฮ้าส์,สงขลา,ภาคใต้
สวรรคโลก,โกลบอลเฮ้าส์,สุโขทัย,ภาคเหนือ
สุโขทัย,โกลบอลเฮ้าส์,สุโขทัย,ภาคเหนือ
เกาะสมุย,โกลบอลเฮ้าส์,สุราษฎร์ธานี,ภาคใต้
สุราษฎร์ธานี,โกลบอลเฮ้าส์,สุราษฎร์ธานี,ภาคใต้
สุรินทร์,โกลบอลเฮ้าส์,สุรินทร์,ภาคตะวันออกเฉียงเหนือ
แม่สอด ตาก,โกลบอลเฮ้าส์,ตาก,ภาคเหนือ
ตราด,โกลบอลเฮ้าส์,ตราด,ภาคตะวันตกและตะวันออก
เดชอุดม,โกลบอลเฮ้าส์,อุบลราชธานี,ภาคตะวันออกเฉียงเหนือ
ตระการพืชผล,โกลบอลเฮ้าส์,อุบลราชธานี,ภาคตะวันออกเฉียงเหนือ
ตระการพืชผล,โกลบอลเฮ้าส์,อุบลราชธานี,ภาคตะวันออกเฉียงเหนือ
อุบลราชธานี,โกลบอลเฮ้าส์,อุบลราชธานี,ภาคตะวันออกเฉียงเหนือ
บ้านดุง อุดรธานี,โกลบอลเฮ้าส์,อุดรธานี,ภาคตะวันออกเฉียงเหนือ
บ้านตาด,โกลบอลเฮ้าส์,อุดรธานี,ภาคตะวันออกเฉียงเหนือ
บ้านผือ อุดรธานี,โกลบอลเฮ้าส์,อุดรธานี,ภาคตะวันออกเฉียงเหนือ
หนองหาน,โกลบอลเฮ้าส์,อุดรธานี,ภาคตะวันออกเฉียงเหนือ
อุดรธานี,โกลบอลเฮ้าส์,อุดรธานี,ภาคตะวันออกเฉียงเหนือ
อุตรดิตถ์,โกลบอลเฮ้าส์,อุตรดิตถ์,ภาคเหนือ
เลิงนกทา ยโสธร,โกลบอลเฮ้าส์,ยโสธร,ภาคตะวันออกเฉียงเหนือ
ยโสธร,โกลบอลเฮ้าส์,ยโสธร,ภาคตะวันออกเฉียงเหนือ
เมกาโฮม-โรจนะ,โฮมโปร,พระนครศรีอยุธยา,ภาคตะวันตกและตะวันออก
อยุธยา,โฮมโปร,พระนครศรีอยุธยา,ภาคตะวันตกและตะวันออก
เกตเวย์ เอกมัย,โฮมโปร,กรุงเทพมหานคร,กรุงเทพฯและภาคกลาง
เกตเวย์ บางซื่อ,โฮมโปร,กรุงเทพมหานคร,กรุงเทพฯและภาคกลาง
เกตเวย์ บางซื่อ-เพาเวอร์ไลฟ์,โฮมโปร,กรุงเทพมหานคร,กรุงเทพฯและภาคกลาง
เพชรเกษม,โฮมโปร,กรุงเทพมหานคร,กรุงเทพฯและภาคกลาง
เพลินจิต,โฮมโปร,กรุงเทพมหานคร,กรุงเทพฯและภาคกลาง
เมกาโฮม-บางนาตราด,โฮมโปร,กรุงเทพมหานคร,กรุงเทพฯและภาคกลาง
เมกาโฮม-บางพลี,โฮมโปร,กรุงเทพมหานคร,กรุงเทพฯและภาคกลาง
เมกาโฮม-มีนบุรี,โฮมโปร,กรุงเทพมหานคร,กรุงเทพฯและภาคกลาง
เมกาโฮม-รัตนาธิเบศร์,โฮมโปร,กรุงเทพมหานคร,กรุงเทพฯและภาคกลาง
เอกมัย-รามอินทรา,โฮมโปร,กรุงเทพมหานคร,กรุงเทพฯและภาคกลาง
แฟชั่นไอส์แลนด์,โฮมโปร,กรุงเทพมหานคร,กรุงเทพฯและภาคกลาง
แฟชั่นไอส์แลนด์,โฮมโปร,กรุงเทพมหานคร,กรุงเทพฯและภาคกลาง
โลตัส บางแค,โฮมโปร,กรุงเทพมหานคร,กรุงเทพฯและภาคกลาง
กัลปพฤกษ์,โฮมโปร,กรุงเทพมหานคร,กรุงเทพฯและภาคกลาง
จรัญสนิทวงศ์,โฮมโปร,กรุงเทพมหานคร,กรุงเทพฯและภาคกลาง
ซีคอน บางแค,โฮมโปร,กรุงเทพมหานคร,กรุงเทพฯและภาคกลาง
บางจาก-กล้วยน้ำไท,โฮมโปร,กรุงเทพมหานคร,กรุงเทพฯและภาคกลาง
บางนา กม.1,โฮมโปร,กรุงเทพมหานคร,กรุงเทพฯและภาคกลาง
พระราม 2,โฮมโปร,กรุงเทพมหานคร,กรุงเทพฯและภาคกลาง
พระราม 3,โฮมโปร,กรุงเทพมหานคร,กรุงเทพฯและภาคกลาง
พระราม 9,โฮมโปร,กรุงเทพมหานคร,กรุงเทพฯและภาคกลาง
พาราไดซ์ พาร์ค,โฮมโปร,กรุงเทพมหานคร,กรุงเทพฯและภาคกลาง
มาร์เก็ตเพลส นางลิ้นจี่,โฮมโปร,กรุงเทพมหานคร,กรุงเทพฯและภาคกลาง
รัชดาภิเษก,โฮมโปร,กรุงเทพมหานคร,กรุงเทพฯและภาคกลาง
รามคำแหง,โฮมโปร,กรุงเทพมหานคร,กรุงเทพฯและภาคกลาง
ลาดกระบัง,โฮมโปร,กรุงเทพมหานคร,กรุงเทพฯและภาคกลาง
ลาดพร้าว,โฮมโปร,กรุงเทพมหานคร,กรุงเทพฯและภาคกลาง
ศรีนครินทร์,โฮมโปร,กรุงเทพมหานคร,กรุงเทพฯและภาคกลาง
สามย่าน มิตรทาวน์,โฮมโปร,กรุงเทพมหานคร,กรุงเทพฯและภาคกลาง
สุขาภิบาล 3,โฮมโปร,กรุงเทพมหานคร,กรุงเทพฯและภาคกลาง
บุรีรัมย์,โฮมโปร,บุรีรัมย์,ภาคตะวันออกเฉียงเหนือ
เมกาโฮม-ฉะเชิงเทรา,โฮมโปร,ฉะเชิงเทรา,ภาคตะวันตกและตะวันออก
ฉะเชิงเทรา,โฮมโปร,ฉะเชิงเทรา,ภาคตะวันตกและตะวันออก
ชัยภูมิ,โฮมโปร,ชัยภูมิ,ภาคตะวันออกเฉียงเหนือ
จันทบุรี,โฮมโปร,จันทบุรี,ภาคตะวันตกและตะวันออก
เชียงใหม่,โฮมโปร,เชียงใหม่,ภาคเหนือ
เมกาโฮม-เชียงใหม่,โฮมโปร,เชียงใหม่,ภาคเหนือ
รวมโชค เชียงใหม่,โฮมโปร,เชียงใหม่,ภาคเหนือ
สันทราย,โฮมโปร,เชียงใหม่,ภาคเหนือ
หางดง,โฮมโปร,เชียงใหม่,ภาคเหนือ
เชียงราย,โฮมโปร,เชียงราย,ภาคเหนือ
เมกาโฮม-เชียงราย,โฮมโปร,เชียงราย,ภาคเหนือ
แม่สาย,โฮมโปร,เชียงราย,ภาคเหนือ
เมกาโฮม-บ่อวิน,โฮมโปร,ชลบุรี,ภาคตะวันตกและตะวันออก
เมกาโฮม-บางแสน,โฮมโปร,ชลบุรี,ภาคตะวันตกและตะวันออก
เมกาโฮม-พัทยา,โฮมโปร,ชลบุรี,ภาคตะวันตกและตะวันออก
แหลมฉบัง,โฮมโปร,ชลบุรี,ภาคตะวันตกและตะวันออก
ชลบุรี,โฮมโปร,ชลบุรี,ภาคตะวันตกและตะวันออก
บางเสร่,โฮมโปร,ชลบุรี,ภาคตะวันตกและตะวันออก
พัทยา,โฮมโปร,ชลบุรี,ภาคตะวันตกและตะวันออก
พัทยาเหนือ,โฮมโปร,ชลบุรี,ภาคตะวันตกและตะวันออก
ศรีราชา,โฮมโปร,ชลบุรี,ภาคตะวันตกและตะวันออก
อมตะนคร,โฮมโปร,ชลบุรี,ภาคตะวันตกและตะวันออก
ชุมพร,โฮมโปร,ชุมพร,ภาคใต้
กาญจนบุรี,โฮมโปร,กาญจนบุรี,ภาคตะวันตกและตะวันออก
ขอนแก่น,โฮมโปร,ขอนแก่น,ภาคตะวันออกเฉียงเหนือ
เกาะลันตา,โฮมโปร,กระบี่,ภาคใต้
กระบี่,โฮมโปร,กระบี่,ภาคใต้
ลำปาง,โฮมโปร,ลำปาง,ภาคเหนือ
ลำพูน,โฮมโปร,ลำพูน,ภาคเหนือ
เลย,โฮมโปร,เลย,ภาคตะวันออกเฉียงเหนือ
ชัยบาดาล,โฮมโปร,ลพบุรี,ภาคตะวันตกและตะวันออก
ลพบุรี,โฮมโปร,ลพบุรี,ภาคตะวันตกและตะวันออก
มุกดาหาร,โฮมโปร,มุกดาหาร,ภาคตะวันออกเฉียงเหนือ
เมกาโฮม-นครปฐม,โฮมโปร,นครปฐม,ภาคตะวันตกและตะวันออก
กำแพงแสน,โฮมโปร,นครปฐม,ภาคตะวันตกและตะวันออก
นครปฐม,โฮมโปร,นครปฐม,ภาคตะวันตกและตะวันออก
พุทธมณฑล สาย 5,โฮมโปร,นครปฐม,ภาคตะวันตกและตะวันออก
พุทธมณฑล สาย 4,โฮมโปร,นครปฐม,ภาคตะวันตกและตะวันออก
เมกาโฮม-นครพนม,โฮมโปร,นครพนม,ภาคตะวันออกเฉียงเหนือ
เขาใหญ่,โฮมโปร,นครราชสีมา,ภาคตะวันออกเฉียงเหนือ
เทอร์มินอล 21 โคราช-โฮมลีฟวิ่ง,โฮมโปร,นครราชสีมา,ภาคตะวันออกเฉียงเหนือ
เมกาโฮม-นครราชสีมา,โฮมโปร,นครราชสีมา,ภาคตะวันออกเฉียงเหนือ
นครราชสีมา,โฮมโปร,นครราชสีมา,ภาคตะวันออกเฉียงเหนือ
นครราชสีมา (หัวทะเล),โฮมโปร,นครราชสีมา,ภาคตะวันออกเฉียงเหนือ
นครสวรรค์,โฮมโปร,นครสวรรค์,ภาคเหนือ
เมกาโฮม-ทุ่งสง,โฮมโปร,นครศรีธรรมราช,ภาคใต้
ขนอม,โฮมโปร,นครศรีธรรมราช,ภาคใต้
นครศรีธรรมราช,โฮมโปร,นครศรีธรรมราช,ภาคใต้
เมกาโฮม-หนองคาย,โฮมโปร,หนองคาย,ภาคตะวันออกเฉียงเหนือ
เมกาโฮม-ติวานนท์,โฮมโปร,นนทบุรี,กรุงเทพฯและภาคกลาง
แจ้งวัฒนะ,โฮมโปร,นนทบุรี,กรุงเทพฯและภาคกลาง
ชัยพฤกษ์,โฮมโปร,นนทบุรี,กรุงเทพฯและภาคกลาง
บางจาก-บางบัวทอง,โฮมโปร,นนทบุรี,กรุงเทพฯและภาคกลาง
บางบัวทอง,โฮมโปร,นนทบุรี,กรุงเทพฯและภาคกลาง
ประชาชื่น,โฮมโปร,นนทบุรี,กรุงเทพฯและภาคกลาง
รัตนาธิเบศร์,โฮมโปร,นนทบุรี,กรุงเทพฯและภาคกลาง
ราชพฤกษ์,โฮมโปร,นนทบุรี,กรุงเทพฯและภาคกลาง
เมกาโฮม-รังสิต,โฮมโปร,ปทุมธานี,กรุงเทพฯและภาคกลาง
ฟิวเจอร์พาร์ค รังสิต,โฮมโปร,ปทุมธานี,กรุงเทพฯและภาคกลาง
รังสิต,โฮมโปร,ปทุมธานี,กรุงเทพฯและภาคกลาง
รังสิต คลอง 4,โฮมโปร,ปทุมธานี,กรุงเทพฯและภาคกลาง
รังสิต-ปทุมธานี,โฮมโปร,ปทุมธานี,กรุงเทพฯและภาคกลาง
ลำลูกกา,โฮมโปร,ปทุมธานี,กรุงเทพฯและภาคกลาง
พัทลุง,โฮมโปร,พัทลุง,ภาคใต้
เพชรบูรณ์,โฮมโปร,เพชรบูรณ์,ภาคเหนือ
เพชรบุรี,โฮมโปร,เพชรบุรี,ภาคตะวันตกและตะวันออก
ชะอำ,โฮมโปร,เพชรบุรี,ภาคตะวันตกและตะวันออก
พิษณุโลก,โฮมโปร,พิษณุโลก,ภาคเหนือ
แพร่,โฮมโปร,แพร่,ภาคเหนือ
เจ้าฟ้า ภูเก็ต,โฮมโปร,ภูเก็ต,ภาคใต้
เชิงทะเล ภูเก็ต,โฮมโปร,ภูเก็ต,ภาคใต้
ฉลอง ภูเก็ต,โฮมโปร,ภูเก็ต,ภาคใต้
ถลาง ภูเก็ต,โฮมโปร,ภูเก็ต,ภาคใต้
ภูเก็ต,โฮมโปร,ภูเก็ต,ภาคใต้
เมกาโฮม-กบินทร์บุรี,โฮมโปร,ปราจีนบุรี,ภาคตะวันตกและตะวันออก
ปราจีนบุรี,โฮมโปร,ปราจีนบุรี,ภาคตะวันตกและตะวันออก
ประจวบคีรีขันธ์,โฮมโปร,ประจวบคีรีขันธ์,ภาคตะวันตกและตะวันออก
หัวหิน,โฮมโปร,ประจวบคีรีขันธ์,ภาคตะวันตกและตะวันออก
จอมบึง,โฮมโปร,ราชบุรี,ภาคตะวันตกและตะวันออก
ราชบุรี,โฮมโปร,ราชบุรี,ภาคตะวันตกและตะวันออก
เมกาโฮม-บ้านฉาง,โฮมโปร,ระยอง,ภาคตะวันตกและตะวันออก
เมกาโฮม-ปลวกแดง,โฮมโปร,ระยอง,ภาคตะวันตกและตะวันออก
ระยอง,โฮมโปร,ระยอง,ภาคตะวันตกและตะวันออก
ระยอง (ทับมา),โฮมโปร,ระยอง,ภาคตะวันตกและตะวันออก
ร้อยเอ็ด,โฮมโปร,ร้อยเอ็ด,ภาคตะวันออกเฉียงเหนือ
เมกาโฮม-อรัญประเทศ,โฮมโปร,สระแก้ว,ภาคตะวันตกและตะวันออก
สกลนคร,โฮมโปร,สกลนคร,ภาคตะวันออกเฉียงเหนือ
เมกาบางนา,โฮมโปร,สมุทรปราการ,กรุงเทพฯและภาคกลาง
สุขสวัสดิ์,โฮมโปร,สมุทรปราการ,กรุงเทพฯและภาคกลาง
สุวรรณภูมิ,โฮมโปร,สมุทรปราการ,กรุงเทพฯและภาคกลาง
มหาชัย,โฮมโปร,สมุทรสาคร,ภาคตะวันตกและตะวันออก
สมุทรสงคราม,โฮมโปร,สมุทรสงคราม,ภาคตะวันตกและตะวันออก
สระบุรี,โฮมโปร,สระบุรี,ภาคตะวันตกและตะวันออก
เมกาโฮม-หาดใหญ่,โฮมโปร,สงขลา,ภาคใต้
หาดใหญ่,โฮมโปร,สงขลา,ภาคใต้
หาดใหญ่ กาญจนวนิช,โฮมโปร,สงขลา,ภาคใต้
สุโขทัย,โฮมโปร,สุโขทัย,ภาคเหนือ
สุพรรณบุรี,โฮมโปร,สุพรรณบุรี,ภาคตะวันตกและตะวันออก
เกาะพะงัน,โฮมโปร,สุราษฎร์ธานี,ภาคใต้
เกาะสมุย,โฮมโปร,สุราษฎร์ธานี,ภาคใต้
เกาะสมุย 2,โฮมโปร,สุราษฎร์ธานี,ภาคใต้
เมกาโฮม-เวียงสระ,โฮมโปร,สุราษฎร์ธานี,ภาคใต้
เมกาโฮม-สุราษฎร์ธานี,โฮมโปร,สุราษฎร์ธานี,ภาคใต้
สุราษฎร์ธานี (เลี่ยงเมือง),โฮมโปร,สุราษฎร์ธานี,ภาคใต้
สุรินทร์,โฮมโปร,สุรินทร์,ภาคตะวันออกเฉียงเหนือ
เมกาโฮม-แม่สอด,โฮมโปร,ตาก,ภาคเหนือ
ตรัง,โฮมโปร,ตรัง,ภาคใต้
อุบลราชธานี,โฮมโปร,อุบลราชธานี,ภาคตะวันออกเฉียงเหนือ
หนองหาน,โฮมโปร,อุดรธานี,ภาคตะวันออกเฉียงเหนือ
อุดรธานี,โฮมโปร,อุดรธานี,ภาคตะวันออกเฉียงเหนือ
อ่างทอง,โลตัส,อ่างทอง,ภาคตะวันตกและตะวันออก
เสนา อยุธยา,โลตัส,พระนครศรีอยุธยา,ภาคตะวันตกและตะวันออก
โรจนะ อยุธยา,โลตัส,พระนครศรีอยุธยา,ภาคตะวันตกและตะวันออก
บางประอิน อยุธยา,โลตัส,พระนครศรีอยุธยา,ภาคตะวันตกและตะวันออก
อยุธยา,โลตัส,พระนครศรีอยุธยา,ภาคตะวันตกและตะวันออก
เลียบคลอง 2,โลตัส,กรุงเทพมหานคร,กรุงเทพฯและภาคกลาง
แจ้งวัฒนะ,โลตัส,กรุงเทพมหานคร,กรุงเทพฯและภาคกลาง
ไอคอนสยาม,โลตัส,กรุงเทพมหานคร,กรุงเทพฯและภาคกลาง
จรัญสนิทวงศ์,โลตัส,กรุงเทพมหานคร,กรุงเทพฯและภาคกลาง
ซีคอน ศรีนครินทร์,โลตัส,กรุงเทพมหานคร,กรุงเทพฯและภาคกลาง
บางแค,โลตัส,กรุงเทพมหานคร,กรุงเทพฯและภาคกลาง
บางกะปิ,โลตัส,กรุงเทพมหานคร,กรุงเทพฯและภาคกลาง
บางนา-ตราด,โลตัส,กรุงเทพมหานคร,กรุงเทพฯและภาคกลาง
บางปะกอก,โลตัส,กรุงเทพมหานคร,กรุงเทพฯและภาคกลาง
ประชาชื่น,โลตัส,กรุงเทพมหานคร,กรุงเทพฯและภาคกลาง
ปิ่นเกล้า,โลตัส,กรุงเทพมหานคร,กรุงเทพฯและภาคกลาง
พระราม 1,โลตัส,กรุงเทพมหานคร,กรุงเทพฯและภาคกลาง
พระราม 2,โลตัส,กรุงเทพมหานคร,กรุงเทพฯและภาคกลาง
พระราม 3,โลตัส,กรุงเทพมหานคร,กรุงเทพฯและภาคกลาง
พระราม 4,โลตัส,กรุงเทพมหานคร,กรุงเทพฯและภาคกลาง
พัฒนาการ,โลตัส,กรุงเทพมหานคร,กรุงเทพฯและภาคกลาง
ฟอร์จูนทาว,โลตัส,กรุงเทพมหานคร,กรุงเทพฯและภาคกลาง
มีนบุรี,โลตัส,กรุงเทพมหานคร,กรุงเทพฯและภาคกลาง
รามอินทรา,โลตัส,กรุงเทพมหานคร,กรุงเทพฯและภาคกลาง
ลาดกระบัง,โลตัส,กรุงเทพมหานคร,กรุงเทพฯและภาคกลาง
ลาดพร้าว,โลตัส,กรุงเทพมหานคร,กรุงเทพฯและภาคกลาง
วังหิน,โลตัส,กรุงเทพมหานคร,กรุงเทพฯและภาคกลาง
สุขาภิบาล 3,โลตัส,กรุงเทพมหานคร,กรุงเทพฯและภาคกลาง
สุขาภิบาล I,โลตัส,กรุงเทพมหานคร,กรุงเทพฯและภาคกลาง
สุขุมวิท 50,โลตัส,กรุงเทพมหานคร,กรุงเทพฯและภาคกลาง
หนองจอก,โลตัส,กรุงเทพมหานคร,กรุงเทพฯและภาคกลาง
หลักสี่,โลตัส,กรุงเทพมหานคร,กรุงเทพฯและภาคกลาง
บึงกาฬ,โลตัส,บึงกาฬ,ภาคตะวันออกเฉียงเหนือ
นางโรง บุรีรัมย์,โลตัส,บุรีรัมย์,ภาคตะวันออกเฉียงเหนือ
ปักโคนชัย บุรีรัมย์,โลตัส,บุรีรัมย์,ภาคตะวันออกเฉียงเหนือ
ลำปลายมาศ,โลตัส,บุรีรัมย์,ภาคตะวันออกเฉียงเหนือ
สะตึก บุรีรัมย์,โลตัส,บุรีรัมย์,ภาคตะวันออกเฉียงเหนือ
บางปะกง,โลตัส,ฉะเชิงเทรา,ภาคตะวันตกและตะวันออก
พนมสารคาม ฉะเชิงเทรา,โลตัส,ฉะเชิงเทรา,ภาคตะวันตกและตะวันออก
ชัยนาท,โลตัส,ชัยนาท,ภาคตะวันตกและตะวันออก
แก่งค้อ ชัยภูมิ,โลตัส,ชัยภูมิ,ภาคตะวันออกเฉียงเหนือ
จัตุรัส ชัยภูมิ,โลตัส,ชัยภูมิ,ภาคตะวันออกเฉียงเหนือ
ชัยภูมิ,โลตัส,ชัยภูมิ,ภาคตะวันออกเฉียงเหนือ
จันทบุรี,โลตัส,จันทบุรี,ภาคตะวันตกและตะวันออก
เชียงใหม่,โลตัส,เชียงใหม่,ภาคเหนือ
คำเที่ยง เชียงใหม่,โลตัส,เชียงใหม่,ภาคเหนือ
จอมทอง,โลตัส,เชียงใหม่,ภาคเหนือ
ซูเปอร์มาร์เก็ต โอเอซิส สารภี เชียง ใหม่,โลตัส,เชียงใหม่,ภาคเหนือ
ฝาง,โลตัส,เชียงใหม่,ภาคเหนือ
รวมโชค เชียงใหม่,โลตัส,เชียงใหม่,ภาคเหนือ
เชียงของ เชียงราย,โลตัส,เชียงราย,ภาคเหนือ
แม่จัน เชียงราย,โลตัส,เชียงราย,ภาคเหนือ
แม่สาย,โลตัส,เชียงราย,ภาคเหนือ
แหลมฉบัง,โลตัส,ชลบุรี,ภาคตะวันตกและตะวันออก
ชลบุรี,โลตัส,ชลบุรี,ภาคตะวันตกและตะวันออก
บ่อวิน,โลตัส,ชลบุรี,ภาคตะวันตกและตะวันออก
บ้านบึง ชลบุรี,โลตัส,ชลบุรี,ภาคตะวันตกและตะวันออก
บ้านสวน ชลบุรี,โลตัส,ชลบุรี,ภาคตะวันตกและตะวันออก
พนัสนิคม ชลบุรี,โลตัส,ชลบุรี,ภาคตะวันตกและตะวันออก
พัทยา,โลตัส,ชลบุรี,ภาคตะวันตกและตะวันออก
พัทยาเหนือ,โลตัส,ชลบุรี,ภาคตะวันตกและตะวันออก
ศรีราชา ชลบุรี,โลตัส,ชลบุรี,ภาคตะวันตกและตะวันออก
สนามบินอู่ตะเภา ชลบุรี,โลตัส,ชลบุรี,ภาคตะวันตกและตะวันออก
สัตหีบ,โลตัส,ชลบุรี,ภาคตะวันตกและตะวันออก
อมตะนคร,โลตัส,ชลบุรี,ภาคตะวันตกและตะวันออก
ชุมพร,โลตัส,ชุมพร,ภาคใต้
หลังสวน ชุมพร,โลตัส,ชุมพร,ภาคใต้
กาฬสินธุ์,โลตัส,กาฬสินธุ์,ภาคตะวันออกเฉียงเหนือ
กุฉินารายณ์,โลตัส,กาฬสินธุ์,ภาคตะวันออกเฉียงเหนือ
สมเด็จ,โลตัส,กาฬสินธุ์,ภาคตะวันออกเฉียงเหนือ
กนุวรลักษณ์ กำแพงเพชร,โลตัส,กำแพงเพชร,ภาคเหนือ
กาญจนบุรี,โลตัส,กาญจนบุรี,ภาคตะวันตกและตะวันออก
ขอนแก่น,โลตัส,ขอนแก่น,ภาคตะวันออกเฉียงเหนือ
ชุมแพ,โลตัส,ขอนแก่น,ภาคตะวันออกเฉียงเหนือ
บ้านศิลา ขอนแก่น,โลตัส,ขอนแก่น,ภาคตะวันออกเฉียงเหนือ
หนองเรือ ขอนแก่น,โลตัส,ขอนแก่น,ภาคตะวันออกเฉียงเหนือ
กระบี่,โลตัส,กระบี่,ภาคใต้
ลำปาง,โลตัส,ลำปาง,ภาคเหนือ
เลย,โลตัส,เลย,ภาคตะวันออกเฉียงเหนือ
ลพบุรี พลาซ่า,โลตัส,ลพบุรี,ภาคตะวันตกและตะวันออก
ลำนาราย ลพบุรี,โลตัส,ลพบุรี,ภาคตะวันตกและตะวันออก
เชียงยืน มหาสารคาม,โลตัส,มหาสารคาม,ภาคตะวันออกเฉียงเหนือ
เสริมไทย มหาสารคาม,โลตัส,มหาสารคาม,ภาคตะวันออกเฉียงเหนือ
โกสุมพิสัย มหาสารคาม,โลตัส,มหาสารคาม,ภาคตะวันออกเฉียงเหนือ
บอระบือ มหาสารคาม,โลตัส,มหาสารคาม,ภาคตะวันออกเฉียงเหนือ
พยัคฆภูมิพิสัย,โลตัส,มหาสารคาม,ภาคตะวันออกเฉียงเหนือ
วาปีปทุม มหาสารคาม,โลตัส,มหาสารคาม,ภาคตะวันออกเฉียงเหนือ
มุกดาหาร,โลตัส,มุกดาหาร,ภาคตะวันออกเฉียงเหนือ
นครนายก,โลตัส,นครนายก,ภาคตะวันตกและตะวันออก
องครักษ์ นครนายก,โลตัส,นครนายก,ภาคตะวันตกและตะวันออก
กำแพงแสน,โลตัส,นครปฐม,ภาคตะวันตกและตะวันออก
นครชัยศรี นครปฐม,โลตัส,นครปฐม,ภาคตะวันตกและตะวันออก
นครปฐม,โลตัส,นครปฐม,ภาคตะวันตกและตะวันออก
บางเลน นครปฐม,โลตัส,นครปฐม,ภาคตะวันตกและตะวันออก
ศาลายา,โลตัส,นครปฐม,ภาคตะวันตกและตะวันออก
สามพราน,โลตัส,นครปฐม,ภาคตะวันตกและตะวันออก
ธาตพนม นครพนม,โลตัส,นครพนม,ภาคตะวันออกเฉียงเหนือ
นครพนม,โลตัส,นครพนม,ภาคตะวันออกเฉียงเหนือ
โคราช,โลตัส,นครราชสีมา,ภาคตะวันออกเฉียงเหนือ
โนนไทย,โลตัส,นครราชสีมา,ภาคตะวันออกเฉียงเหนือ
จอกชัย นครราชสีมา,โลตัส,นครราชสีมา,ภาคตะวันออกเฉียงเหนือ
จอหอ (นครราชสีมา),โลตัส,นครราชสีมา,ภาคตะวันออกเฉียงเหนือ
ด่านขุนทด,โลตัส,นครราชสีมา,ภาคตะวันออกเฉียงเหนือ
บัวใหญ่,โลตัส,นครราชสีมา,ภาคตะวันออกเฉียงเหนือ
ประไท นครราชสีมา,โลตัส,นครราชสีมา,ภาคตะวันออกเฉียงเหนือ
ปักธงชัย นครราชสีมา,โลตัส,นครราชสีมา,ภาคตะวันออกเฉียงเหนือ
ปากช่อง,โลตัส,นครราชสีมา,ภาคตะวันออกเฉียงเหนือ
พิมาย,โลตัส,นครราชสีมา,ภาคตะวันออกเฉียงเหนือ
ศรีค้อ นครราชสีมา,โลตัส,นครราชสีมา,ภาคตะวันออกเฉียงเหนือ
หัวทะเล โคราช,โลตัส,นครราชสีมา,ภาคตะวันออกเฉียงเหนือ
เดอะวอคก์ นครสวรรค์,โลตัส,นครสวรรค์,ภาคเหนือ
ตาคลี นครสวรรค์,โลตัส,นครสวรรค์,ภาคเหนือ
ลาดยาว นครสวรรค์,โลตัส,นครสวรรค์,ภาคเหนือ
โชคดี นครศรีธรรมราช,โลตัส,นครศรีธรรมราช,ภาคใต้
ท่าศาลา,โลตัส,นครศรีธรรมราช,ภาคใต้
ทุ่งสง,โลตัส,นครศรีธรรมราช,ภาคใต้
นครศรีธรรมราช,โลตัส,นครศรีธรรมราช,ภาคใต้
สิชล,โลตัส,นครศรีธรรมราช,ภาคใต้
น่าน,โลตัส,น่าน,ภาคเหนือ
หนองบัวลำภู,โลตัส,หนองบัวลำภู,ภาคตะวันออกเฉียงเหนือ
ท่าบ่อ หนองคาย,โลตัส,หนองคาย,ภาคตะวันออกเฉียงเหนือ
หนองคาย,โลตัส,หนองคาย,ภาคตะวันออกเฉียงเหนือ
นครอินทร์ บางกรวย,โลตัส,นนทบุรี,กรุงเทพฯและภาคกลาง
นอร์ทราชพฤษ์ นนทบุรี,โลตัส,นนทบุรี,กรุงเทพฯและภาคกลาง
บางใหญ่,โลตัส,นนทบุรี,กรุงเทพฯและภาคกลาง
บางกรวยไทรน้อย,โลตัส,นนทบุรี,กรุงเทพฯและภาคกลาง
รัตนาธิเบศร์,โลตัส,นนทบุรี,กรุงเทพฯและภาคกลาง
คลอง 7 รังสิต-นครนายก,โลตัส,ปทุมธานี,กรุงเทพฯและภาคกลาง
คลองหลวง,โลตัส,ปทุมธานี,กรุงเทพฯและภาคกลาง
นวนคร,โลตัส,ปทุมธานี,กรุงเทพฯและภาคกลาง
บางกะดี อุตสาหกรรม ปทุมธานี,โลตัส,ปทุมธานี,กรุงเทพฯและภาคกลาง
บ้านฟ้า,โลตัส,ปทุมธานี,กรุงเทพฯและภาคกลาง
ปทุมธานี,โลตัส,ปทุมธานี,กรุงเทพฯและภาคกลาง
รังสิต,โลตัส,ปทุมธานี,กรุงเทพฯและภาคกลาง
รังสิต-นครนายก,โลตัส,ปทุมธานี,กรุงเทพฯและภาคกลาง
ลำลูกกา คลอง 2,โลตัส,ปทุมธานี,กรุงเทพฯและภาคกลาง
แม่ขรี พัทลุง,โลตัส,พัทลุง,ภาคใต้
ควนขนุน พัทลุง,โลตัส,พัทลุง,ภาคใต้
พัทลุง,โลตัส,พัทลุง,ภาคใต้
เชียงคำ,โลตัส,พะเยา,ภาคเหนือ
พะเยา,โลตัส,พะเยา,ภาคเหนือ
เพชรบูรณ์,โลตัส,เพชรบูรณ์,ภาคเหนือ
บึงสามพราน เพชรบูรณ์,โลตัส,เพชรบูรณ์,ภาคเหนือ
ศรีเทพ เพชรบูรณ์,โลตัส,เพชรบูรณ์,ภาคเหนือ
หล่มสัก,โลตัส,เพชรบูรณ์,ภาคเหนือ
ชะอำ,โลตัส,เพชรบุรี,ภาคตะวันตกและตะวันออก
ท่ายางทาวน์ เพชรบุรี,โลตัส,เพชรบุรี,ภาคตะวันตกและตะวันออก
ท่าหลวง พิจิตร,โลตัส,พิจิตร,ภาคเหนือ
ท่าทอง พิษณุโลก,โลตัส,พิษณุโลก,ภาคเหนือ
พิษณุโลก,โลตัส,พิษณุโลก,ภาคเหนือ
แพร่,โลตัส,แพร่,ภาคเหนือ
ฉลอง ภูเก็ต,โลตัส,ภูเก็ต,ภาคใต้
ถลาง ภูเก็ต,โลตัส,ภูเก็ต,ภาคใต้
ภูเก็ต,โลตัส,ภูเก็ต,ภาคใต้
กบินทร์บุรี,โลตัส,ปราจีนบุรี,ภาคตะวันตกและตะวันออก
ปราจีนบุรี,โลตัส,ปราจีนบุรี,ภาคตะวันตกและตะวันออก
ศรีมหาโพธ ปราจีนบุรี,โลตัส,ปราจีนบุรี,ภาคตะวันตกและตะวันออก
ประจวบคีรีขันธ์,โลตัส,ประจวบคีรีขันธ์,ภาคตะวันตกและตะวันออก
ปราณบุรี,โลตัส,ประจวบคีรีขันธ์,ภาคตะวันตกและตะวันออก
หัวหิน,โลตัส,ประจวบคีรีขันธ์,ภาคตะวันตกและตะวันออก
ระนอง,โลตัส,ระนอง,ภาคใต้
บ้านโป่ง,โลตัส,ราชบุรี,ภาคตะวันตกและตะวันออก
ราชบุรี,โลตัส,ราชบุรี,ภาคตะวันตกและตะวันออก
แกลง ระยอง,โลตัส,ระยอง,ภาคตะวันตกและตะวันออก
นิคมพัฒนา ระยอง,โลตัส,ระยอง,ภาคตะวันตกและตะวันออก
บ้านฉาง ระยอง,โลตัส,ระยอง,ภาคตะวันตกและตะวันออก
มาบตาพุด,โลตัส,ระยอง,ภาคตะวันตกและตะวันออก
ระยอง,โลตัส,ระยอง,ภาคตะวันตกและตะวันออก
โพนทอง,โลตัส,ร้อยเอ็ด,ภาคตะวันออกเฉียงเหนือ
ร้อยเอ็ด,โลตัส,ร้อยเอ็ด,ภาคตะวันออกเฉียงเหนือ
วังน้ำเย็น (สระแก้ว),โลตัส,สระแก้ว,ภาคตะวันตกและตะวันออก
อรัญประเทศ,โลตัส,สระแก้ว,ภาคตะวันตกและตะวันออก
สกลนคร,โลตัส,สกลนคร,ภาคตะวันออกเฉียงเหนือ
สว่างแดนดิน,โลตัส,สกลนคร,ภาคตะวันออกเฉียงเหนือ
ซิตี้พาร์ค บางพลี,โลตัส,สมุทรปราการ,กรุงเทพฯและภาคกลาง
บางบ่อ สมุทรปราการ,โลตัส,สมุทรปราการ,กรุงเทพฯและภาคกลาง
บางปู สมุทรปราการ,โลตัส,สมุทรปราการ,กรุงเทพฯและภาคกลาง
บางพลี,โลตัส,สมุทรปราการ,กรุงเทพฯและภาคกลาง
พฤกษา อเวนิว ศรีนครินทร์ สมุทรปราการ,โลตัส,สมุทรปราการ,กรุงเทพฯและภาคกลาง
ศรีนครินทร์,โลตัส,สมุทรปราการ,กรุงเทพฯและภาคกลาง
กระทุ่มแบน,โลตัส,สมุทรสาคร,ภาคตะวันตกและตะวันออก
มหาชัย 2,โลตัส,สมุทรสาคร,ภาคตะวันตกและตะวันออก
สมุทรสงคราม,โลตัส,สมุทรสงคราม,ภาคตะวันตกและตะวันออก
สระบุรี,โลตัส,สระบุรี,ภาคตะวันตกและตะวันออก
สตูล,โลตัส,สตูล,ภาคใต้
สิงห์บุรี,โลตัส,สิงห์บุรี,ภาคตะวันตกและตะวันออก
กันทรลักษ์,โลตัส,ศรีสะเกษ,ภาคตะวันออกเฉียงเหนือ
ขุขัน ศรีสะเกษ,โลตัส,ศรีสะเกษ,ภาคตะวันออกเฉียงเหนือ
ศรีสะเกษ,โลตัส,ศรีสะเกษ,ภาคตะวันออกเฉียงเหนือ
อุทุมพรพิสัย ศรีสะเกษ,โลตัส,ศรีสะเกษ,ภาคตะวันออกเฉียงเหนือ
จะนะ สงขลา,โลตัส,สงขลา,ภาคใต้
สงขลา,โลตัส,สงขลา,ภาคใต้
สะเดา สงขลา,โลตัส,สงขลา,ภาคใต้
หาดใหญ่,โลตัส,สงขลา,ภาคใต้
หาดใหญ่ 2,โลตัส,สงขลา,ภาคใต้
สามชุก สุพรรณบุรี,โลตัส,สุพรรณบุรี,ภาคตะวันตกและตะวันออก
สุพรรณบุรี,โลตัส,สุพรรณบุรี,ภาคตะวันตกและตะวันออก
อู่ทอง สุพรรณบุรี,โลตัส,สุพรรณบุรี,ภาคตะวันตกและตะวันออก
เวียงสระ,โลตัส,สุราษฎร์ธานี,ภาคใต้
ไชยา,โลตัส,สุราษฎร์ธานี,ภาคใต้
บ้านตาขุน สุราษฏร์ธานี,โลตัส,สุราษฎร์ธานี,ภาคใต้
ละไม เกาะสมุย,โลตัส,สุราษฎร์ธานี,ภาคใต้
เกาะสมุย,โลตัส,สุราษฎร์ธานี,ภาคใต้
สุราษฎร์ธานี,โลตัส,สุราษฎร์ธานี,ภาคใต้
ท่าตูม สุรินทร์,โลตัส,สุรินทร์,ภาคตะวันออกเฉียงเหนือ
ปราสาท สุรินทร์,โลตัส,สุรินทร์,ภาคตะวันออกเฉียงเหนือ
สังขละ สุรินทร์,โลตัส,สุรินทร์,ภาคตะวันออกเฉียงเหนือ
สุรินทร์,โลตัส,สุรินทร์,ภาคตะวันออกเฉียงเหนือ
แม่สอด ตาก,โลตัส,ตาก,ภาคเหนือ
ตาก,โลตัส,ตาก,ภาคเหนือ
ตรัง,โลตัส,ตรัง,ภาคใต้
ตราด,โลตัส,ตราด,ภาคตะวันตกและตะวันออก
เดชอุดม,โลตัส,อุบลราชธานี,ภาคตะวันออกเฉียงเหนือ
ตระการพืชผล,โลตัส,อุบลราชธานี,ภาคตะวันออกเฉียงเหนือ
พิบูลมังสาหาร,โลตัส,อุบลราชธานี,ภาคตะวันออกเฉียงเหนือ
วารินชำราบ,โลตัส,อุบลราชธานี,ภาคตะวันออกเฉียงเหนือ
อุบลราชธานี,โลตัส,อุบลราชธานี,ภาคตะวันออกเฉียงเหนือ
กุมภวาปี อุดรธานี,โลตัส,อุดรธานี,ภาคตะวันออกเฉียงเหนือ
บ้านผือ อุดรธานี,โลตัส,อุดรธานี,ภาคตะวันออกเฉียงเหนือ
อุดรธานี,โลตัส,อุดรธานี,ภาคตะวันออกเฉียงเหนือ
อุดรธานี 2,โลตัส,อุดรธานี,ภาคตะวันออกเฉียงเหนือ
หนองช้าง อุทัยธานี,โลตัส,อุทัยธานี,ภาคเหนือ
อุตรดิตถ์,โลตัส,อุตรดิตถ์,ภาคเหนือ
ยะลา,โลตัส,ยะลา,ภาคใต้
ยโสธร,โลตัส,ยโสธร,ภาคตะวันออกเฉียงเหนือ
อำนาจเจริญ,แมคโคร,อำนาจเจริญ,ภาคตะวันออกเฉียงเหนือ
อยุธยา,แมคโคร,พระนครศรีอยุธยา,ภาคตะวันตกและตะวันออก
เพชรเกษม,แมคโคร,กรุงเทพมหานคร,กรุงเทพฯและภาคกลาง
กัลปพฤกษ์,แมคโคร,กรุงเทพมหานคร,กรุงเทพฯและภาคกลาง
จรัญสนิทวงศ์,แมคโคร,กรุงเทพมหานคร,กรุงเทพฯและภาคกลาง
บางบอน,แมคโคร,กรุงเทพมหานคร,กรุงเทพฯและภาคกลาง
ประชาอุทิศ,แมคโคร,กรุงเทพมหานคร,กรุงเทพฯและภาคกลาง
รามคำแหง 24,แมคโคร,กรุงเทพมหานคร,กรุงเทพฯและภาคกลาง
รามอินทรา,แมคโคร,กรุงเทพมหานคร,กรุงเทพฯและภาคกลาง
ลาดพร้าว,แมคโคร,กรุงเทพมหานคร,กรุงเทพฯและภาคกลาง
สาทร,แมคโคร,กรุงเทพมหานคร,กรุงเทพฯและภาคกลาง
สามเสน,แมคโคร,กรุงเทพมหานคร,กรุงเทพฯและภาคกลาง
หนองจอก,แมคโคร,กรุงเทพมหานคร,กรุงเทพฯและภาคกลาง
อุดมสุข,แมคโคร,กรุงเทพมหานคร,กรุงเทพฯและภาคกลาง
บึงกาฬ,แมคโคร,บึงกาฬ,ภาคตะวันออกเฉียงเหนือ
บุรีรัมย์,แมคโคร,บุรีรัมย์,ภาคตะวันออกเฉียงเหนือ
ฉะเชิงเทรา,แมคโคร,ฉะเชิงเทรา,ภาคตะวันตกและตะวันออก
ชัยนาท,แมคโคร,ชัยนาท,ภาคตะวันตกและตะวันออก
ชัยภูมิ,แมคโคร,ชัยภูมิ,ภาคตะวันออกเฉียงเหนือ
จันทบุรี,แมคโคร,จันทบุรี,ภาคตะวันตกและตะวันออก
เชียงใหม่,แมคโคร,เชียงใหม่,ภาคเหนือ
เชียงใหม่ 2,แมคโคร,เชียงใหม่,ภาคเหนือ
แม่ริม,แมคโคร,เชียงใหม่,ภาคเหนือ
จอมทอง,แมคโคร,เชียงใหม่,ภาคเหนือ
ฝาง,แมคโคร,เชียงใหม่,ภาคเหนือ
เชียงราย,แมคโคร,เชียงราย,ภาคเหนือ
แม่สาย,แมคโคร,เชียงราย,ภาคเหนือ
แหลมฉบัง,แมคโคร,ชลบุรี,ภาคตะวันตกและตะวันออก
ชลบุรี,แมคโคร,ชลบุรี,ภาคตะวันตกและตะวันออก
บ่อวิน,แมคโคร,ชลบุรี,ภาคตะวันตกและตะวันออก
บ้านบึง ชลบุรี,แมคโคร,ชลบุรี,ภาคตะวันตกและตะวันออก
พัทยา,แมคโคร,ชลบุรี,ภาคตะวันตกและตะวันออก
สัตหีบ,แมคโคร,ชลบุรี,ภาคตะวันตกและตะวันออก
อมตะนคร,แมคโคร,ชลบุรี,ภาคตะวันตกและตะวันออก
อมตะนคร 2,แมคโคร,ชลบุรี,ภาคตะวันตกและตะวันออก
ชุมพร,แมคโคร,ชุมพร,ภาคใต้
กาฬสินธุ์,แมคโคร,กาฬสินธุ์,ภาคตะวันออกเฉียงเหนือ
กำแพงเพชร,แมคโคร,กำแพงเพชร,ภาคเหนือ
กาญจนบุรี,แมคโคร,กาญจนบุรี,ภาคตะวันตกและตะวันออก
ขอนแก่น,แมคโคร,ขอนแก่น,ภาคตะวันออกเฉียงเหนือ
ขอนแก่น 2,แมคโคร,ขอนแก่น,ภาคตะวันออกเฉียงเหนือ
ขอนแก่น 3 (บ้านโนนม่วง),แมคโคร,ขอนแก่น,ภาคตะวันออกเฉียงเหนือ
ชุมแพ,แมคโคร,ขอนแก่น,ภาคตะวันออกเฉียงเหนือ
บ้านไผ่,แมคโคร,ขอนแก่น,ภาคตะวันออกเฉียงเหนือ
กระบี่,แมคโคร,กระบี่,ภาคใต้
ลำปาง,แมคโคร,ลำปาง,ภาคเหนือ
ลำพูน,แมคโคร,ลำพูน,ภาคเหนือ
เลย,แมคโคร,เลย,ภาคตะวันออกเฉียงเหนือ
ลพบุรี,แมคโคร,ลพบุรี,ภาคตะวันตกและตะวันออก
มหาสารคาม,แมคโคร,มหาสารคาม,ภาคตะวันออกเฉียงเหนือ
มุกดาหาร,แมคโคร,มุกดาหาร,ภาคตะวันออกเฉียงเหนือ
นครนายก,แมคโคร,นครนายก,ภาคตะวันตกและตะวันออก
นครปฐม,แมคโคร,นครปฐม,ภาคตะวันตกและตะวันออก
ศาลายา,แมคโคร,นครปฐม,ภาคตะวันตกและตะวันออก
นครพนม,แมคโคร,นครพนม,ภาคตะวันออกเฉียงเหนือ
จอหอ (นครราชสีมา),แมคโคร,นครราชสีมา,ภาคตะวันออกเฉียงเหนือ
นครราชสีมา,แมคโคร,นครราชสีมา,ภาคตะวันออกเฉียงเหนือ
นครราชสีมา 2,แมคโคร,นครราชสีมา,ภาคตะวันออกเฉียงเหนือ
นครราชสีมา 3 (เซฟวัน),แมคโคร,นครราชสีมา,ภาคตะวันออกเฉียงเหนือ
ปากช่อง,แมคโคร,นครราชสีมา,ภาคตะวันออกเฉียงเหนือ
นครสวรรค์,แมคโคร,นครสวรรค์,ภาคเหนือ
นครสวรรค์ 2 (พรหมนิมิต),แมคโคร,นครสวรรค์,ภาคเหนือ
ทุ่งสง,แมคโคร,นครศรีธรรมราช,ภาคใต้
นครศรีธรรมราช,แมคโคร,นครศรีธรรมราช,ภาคใต้
น่าน,แมคโคร,น่าน,ภาคเหนือ
หนองบัวลำภู,แมคโคร,หนองบัวลำภู,ภาคตะวันออกเฉียงเหนือ
หนองคาย,แมคโคร,หนองคาย,ภาคตะวันออกเฉียงเหนือ
แจ้งวัฒนะ,แมคโคร,นนทบุรี,กรุงเทพฯและภาคกลาง
นครอินทร์ บางกรวย,แมคโคร,นนทบุรี,กรุงเทพฯและภาคกลาง
บางบัวทอง,แมคโคร,นนทบุรี,กรุงเทพฯและภาคกลาง
คลองหลวง,แมคโคร,ปทุมธานี,กรุงเทพฯและภาคกลาง
ปทุมธานี,แมคโคร,ปทุมธานี,กรุงเทพฯและภาคกลาง
รังสิต,แมคโคร,ปทุมธานี,กรุงเทพฯและภาคกลาง
พังงา,แมคโคร,พังงา,ภาคใต้
พัทลุง,แมคโคร,พัทลุง,ภาคใต้
พะเยา,แมคโคร,พะเยา,ภาคเหนือ
เพชรบูรณ์,แมคโคร,เพชรบูรณ์,ภาคเหนือ
เพชรบุรี,แมคโคร,เพชรบุรี,ภาคตะวันตกและตะวันออก
ชะอำ,แมคโคร,เพชรบุรี,ภาคตะวันตกและตะวันออก
พิจิตร,แมคโคร,พิจิตร,ภาคเหนือ
พิษณุโลก,แมคโคร,พิษณุโลก,ภาคเหนือ
พิษณุโลก 2,แมคโคร,พิษณุโลก,ภาคเหนือ
แพร่,แมคโคร,แพร่,ภาคเหนือ
ถลาง ภูเก็ต,แมคโคร,ภูเก็ต,ภาคใต้
ภูเก็ต,แมคโคร,ภูเก็ต,ภาคใต้
ราไวย์ 2,แมคโคร,ภูเก็ต,ภาคใต้
กบินทร์บุรี,แมคโคร,ปราจีนบุรี,ภาคตะวันตกและตะวันออก
ปราจีนบุรี,แมคโคร,ปราจีนบุรี,ภาคตะวันตกและตะวันออก
ประจวบคีรีขันธ์,แมคโคร,ประจวบคีรีขันธ์,ภาคตะวันตกและตะวันออก
ปราณบุรี,แมคโคร,ประจวบคีรีขันธ์,ภาคตะวันตกและตะวันออก
หัวหิน,แมคโคร,ประจวบคีรีขันธ์,ภาคตะวันตกและตะวันออก
ระนอง,แมคโคร,ระนอง,ภาคใต้
ราชบุรี,แมคโคร,ราชบุรี,ภาคตะวันตกและตะวันออก
ระยอง,แมคโคร,ระยอง,ภาคตะวันตกและตะวันออก
ร้อยเอ็ด,แมคโคร,ร้อยเอ็ด,ภาคตะวันออกเฉียงเหนือ
สระแก้ว,แมคโคร,สระแก้ว,ภาคตะวันตกและตะวันออก
สกลนคร,แมคโคร,สกลนคร,ภาคตะวันออกเฉียงเหนือ
แพรกษา,แมคโคร,สมุทรปราการ,กรุงเทพฯและภาคกลาง
แฮปปี้แทท (ฟอเรสเทียส์ - บางนา),แมคโคร,สมุทรปราการ,กรุงเทพฯและภาคกลาง
บางพลี,แมคโคร,สมุทรปราการ,กรุงเทพฯและภาคกลาง
ศรีนครินทร์,แมคโคร,สมุทรปราการ,กรุงเทพฯและภาคกลาง
สมุทรปราการ,แมคโคร,สมุทรปราการ,กรุงเทพฯและภาคกลาง
มหาชัย,แมคโคร,สมุทรสาคร,ภาคตะวันตกและตะวันออก
สมุทรสาคร,แมคโคร,สมุทรสาคร,ภาคตะวันตกและตะวันออก
อ้อมน้อย,แมคโคร,สมุทรสาคร,ภาคตะวันตกและตะวันออก
สมุทรสงคราม,แมคโคร,สมุทรสงคราม,ภาคตะวันตกและตะวันออก
สระบุรี,แมคโคร,สระบุรี,ภาคตะวันตกและตะวันออก
สตูล,แมคโคร,สตูล,ภาคใต้
สิงห์บุรี,แมคโคร,สิงห์บุรี,ภาคตะวันตกและตะวันออก
ศรีสะเกษ,แมคโคร,ศรีสะเกษ,ภาคตะวันออกเฉียงเหนือ
สงขลา,แมคโคร,สงขลา,ภาคใต้
หาดใหญ่,แมคโคร,สงขลา,ภาคใต้
สุโขทัย,แมคโคร,สุโขทัย,ภาคเหนือ
สุพรรณบุรี,แมคโคร,สุพรรณบุรี,ภาคตะวันตกและตะวันออก
เกาะพะงัน,แมคโคร,สุราษฎร์ธานี,ภาคใต้
เกาะสมุย,แมคโคร,สุราษฎร์ธานี,ภาคใต้
เวียงสระ,แมคโคร,สุราษฎร์ธานี,ภาคใต้
สุราษฎร์ธานี,แมคโคร,สุราษฎร์ธานี,ภาคใต้
สุรินทร์,แมคโคร,สุรินทร์,ภาคตะวันออกเฉียงเหนือ
แม่สอด ตาก,แมคโคร,ตาก,ภาคเหนือ
ตรัง,แมคโคร,ตรัง,ภาคใต้
ตราด,แมคโคร,ตราด,ภาคตะวันตกและตะวันออก
วารินชำราบ,แมคโคร,อุบลราชธานี,ภาคตะวันออกเฉียงเหนือ
อุบลราชธานี,แมคโคร,อุบลราชธานี,ภาคตะวันออกเฉียงเหนือ
อุดรธานี,แมคโคร,อุดรธานี,ภาคตะวันออกเฉียงเหนือ
อุดรธานี 2 (บ้านเลื่อม),แมคโคร,อุดรธานี,ภาคตะวันออกเฉียงเหนือ
อุตรดิตถ์,แมคโคร,อุตรดิตถ์,ภาคเหนือ
ยโสธร,แมคโคร,ยโสธร,ภาคตะวันออกเฉียงเหนือ
อยุธยา,เพาเวอร์บาย,พระนครศรีอยุธยา,ภาคตะวันตกและตะวันออก
อยุธยา,เพาเวอร์บาย,พระนครศรีอยุธยา,ภาคตะวันตกและตะวันออก
SB CDC,เพาเวอร์บาย,กรุงเทพมหานคร,กรุงเทพฯและภาคกลาง
SB พระราม 2,เพาเวอร์บาย,กรุงเทพมหานคร,กรุงเทพฯและภาคกลาง
เซ็นจูรี่ อ่อนนุช,เพาเวอร์บาย,กรุงเทพมหานคร,กรุงเทพฯและภาคกลาง
เซ็นทรัลเวิล์ด,เพาเวอร์บาย,กรุงเทพมหานคร,กรุงเทพฯและภาคกลาง
เทอร์มินอล 21 พระราม 3,เพาเวอร์บาย,กรุงเทพมหานคร,กรุงเทพฯและภาคกลาง
เวสวิลล์,เพาเวอร์บาย,กรุงเทพมหานคร,กรุงเทพฯและภาคกลาง
แจ๊ส คู้บอน,เพาเวอร์บาย,กรุงเทพมหานคร,กรุงเทพฯและภาคกลาง
แฟชั่นไอส์แลนด์,เพาเวอร์บาย,กรุงเทพมหานคร,กรุงเทพฯและภาคกลาง
โลตัส เสนา,เพาเวอร์บาย,กรุงเทพมหานคร,กรุงเทพฯและภาคกลาง
ชิดลม,เพาเวอร์บาย,กรุงเทพมหานคร,กรุงเทพฯและภาคกลาง
ซีคอน บางแค,เพาเวอร์บาย,กรุงเทพมหานคร,กรุงเทพฯและภาคกลาง
ซีคอน ศรีนครินทร์,เพาเวอร์บาย,กรุงเทพมหานคร,กรุงเทพฯและภาคกลาง
ท๊อปคลับ พระราม 2,เพาเวอร์บาย,กรุงเทพมหานคร,กรุงเทพฯและภาคกลาง
บางกะปิ,เพาเวอร์บาย,กรุงเทพมหานคร,กรุงเทพฯและภาคกลาง
บางนา,เพาเวอร์บาย,กรุงเทพมหานคร,กรุงเทพฯและภาคกลาง
บางรัก,เพาเวอร์บาย,กรุงเทพมหานคร,กรุงเทพฯและภาคกลาง
บิ๊กซี พระราม 2,เพาเวอร์บาย,กรุงเทพมหานคร,กรุงเทพฯและภาคกลาง
ปิ่นเกล้า,เพาเวอร์บาย,กรุงเทพมหานคร,กรุงเทพฯและภาคกลาง
พระราม 2,เพาเวอร์บาย,กรุงเทพมหานคร,กรุงเทพฯและภาคกลาง
พระราม 3,เพาเวอร์บาย,กรุงเทพมหานคร,กรุงเทพฯและภาคกลาง
พระราม 9,เพาเวอร์บาย,กรุงเทพมหานคร,กรุงเทพฯและภาคกลาง
ราชพฤกษ์,เพาเวอร์บาย,กรุงเทพมหานคร,กรุงเทพฯและภาคกลาง
รามอินทรา,เพาเวอร์บาย,กรุงเทพมหานคร,กรุงเทพฯและภาคกลาง
ลาดกระบัง,เพาเวอร์บาย,กรุงเทพมหานคร,กรุงเทพฯและภาคกลาง
ลาดพร้าว,เพาเวอร์บาย,กรุงเทพมหานคร,กรุงเทพฯและภาคกลาง
ลาดพร้าว,เพาเวอร์บาย,กรุงเทพมหานคร,กรุงเทพฯและภาคกลาง
ลำลูกกา,เพาเวอร์บาย,กรุงเทพมหานคร,กรุงเทพฯและภาคกลาง
วงศ์สว่าง,เพาเวอร์บาย,กรุงเทพมหานคร,กรุงเทพฯและภาคกลาง
วิสด้อม 101,เพาเวอร์บาย,กรุงเทพมหานคร,กรุงเทพฯและภาคกลาง
หลักสี่,เพาเวอร์บาย,กรุงเทพมหานคร,กรุงเทพฯและภาคกลาง
อีสวิลล์,เพาเวอร์บาย,กรุงเทพมหานคร,กรุงเทพฯและภาคกลาง
ทวีกิจ บุรีรัมย์,เพาเวอร์บาย,บุรีรัมย์,ภาคตะวันออกเฉียงเหนือ
บุรีรัมย์,เพาเวอร์บาย,บุรีรัมย์,ภาคตะวันออกเฉียงเหนือ
ฉะเชิงเทรา,เพาเวอร์บาย,ฉะเชิงเทรา,ภาคตะวันตกและตะวันออก
ชัยภูมิ,เพาเวอร์บาย,ชัยภูมิ,ภาคตะวันออกเฉียงเหนือ
จันทบุรี,เพาเวอร์บาย,จันทบุรี,ภาคตะวันตกและตะวันออก
จันทบุรี,เพาเวอร์บาย,จันทบุรี,ภาคตะวันตกและตะวันออก
จันทบุรี,เพาเวอร์บาย,จันทบุรี,ภาคตะวันตกและตะวันออก
เชียงใหม่,เพาเวอร์บาย,เชียงใหม่,ภาคเหนือ
เชียงใหม่เฟสติวัล,เพาเวอร์บาย,เชียงใหม่,ภาคเหนือ
สนามบินเชียงใหม่,เพาเวอร์บาย,เชียงใหม่,ภาคเหนือ
เชียงราย,เพาเวอร์บาย,เชียงราย,ภาคเหนือ
เดอะชิลล์ พัทยา,เพาเวอร์บาย,ชลบุรี,ภาคตะวันตกและตะวันออก
แหลมทอง บางแสน,เพาเวอร์บาย,ชลบุรี,ภาคตะวันตกและตะวันออก
โกโฮลเซลล์ พัทยา,เพาเวอร์บาย,ชลบุรี,ภาคตะวันตกและตะวันออก
ชลบุรี,เพาเวอร์บาย,ชลบุรี,ภาคตะวันตกและตะวันออก
ชลบุรี,เพาเวอร์บาย,ชลบุรี,ภาคตะวันตกและตะวันออก
ชลบุรี,เพาเวอร์บาย,ชลบุรี,ภาคตะวันตกและตะวันออก
ชลบุรี,เพาเวอร์บาย,ชลบุรี,ภาคตะวันตกและตะวันออก
ตึกคอม พัทยา,เพาเวอร์บาย,ชลบุรี,ภาคตะวันตกและตะวันออก
บ่อวิน,เพาเวอร์บาย,ชลบุรี,ภาคตะวันตกและตะวันออก
พัทยา,เพาเวอร์บาย,ชลบุรี,ภาคตะวันตกและตะวันออก
พัทยา,เพาเวอร์บาย,ชลบุรี,ภาคตะวันตกและตะวันออก
ศรีราชา,เพาเวอร์บาย,ชลบุรี,ภาคตะวันตกและตะวันออก
ศรีราชา,เพาเวอร์บาย,ชลบุรี,ภาคตะวันตกและตะวันออก
อมตะนคร,เพาเวอร์บาย,ชลบุรี,ภาคตะวันตกและตะวันออก
กาฬสินธุ์ พลาซ่า,เพาเวอร์บาย,กาฬสินธุ์,ภาคตะวันออกเฉียงเหนือ
กำแพงเพชร,เพาเวอร์บาย,กำแพงเพชร,ภาคเหนือ
กาญจนบุรี,เพาเวอร์บาย,กาญจนบุรี,ภาคตะวันตกและตะวันออก
กระนวน,เพาเวอร์บาย,ขอนแก่น,ภาคตะวันออกเฉียงเหนือ
ขอนแก่น,เพาเวอร์บาย,ขอนแก่น,ภาคตะวันออกเฉียงเหนือ
ขอนแก่น,เพาเวอร์บาย,ขอนแก่น,ภาคตะวันออกเฉียงเหนือ
ขอนแก่นแคมปัส,เพาเวอร์บาย,ขอนแก่น,ภาคตะวันออกเฉียงเหนือ
ชุมแพ,เพาเวอร์บาย,ขอนแก่น,ภาคตะวันออกเฉียงเหนือ
ท๊อปพลาซ่า ขอนแก่น,เพาเวอร์บาย,ขอนแก่น,ภาคตะวันออกเฉียงเหนือ
มิตรภาพ ขอนแก่น,เพาเวอร์บาย,ขอนแก่น,ภาคตะวันออกเฉียงเหนือ
เซ็นทรัลกระบี่,เพาเวอร์บาย,กระบี่,ภาคใต้
ลำปาง,เพาเวอร์บาย,ลำปาง,ภาคเหนือ
จำปา ลำพูน,เพาเวอร์บาย,ลำพูน,ภาคเหนือ
ลพบุรี,เพาเวอร์บาย,ลพบุรี,ภาคตะวันตกและตะวันออก
ลพบุรี,เพาเวอร์บาย,ลพบุรี,ภาคตะวันตกและตะวันออก
ลพบุรี,เพาเวอร์บาย,ลพบุรี,ภาคตะวันตกและตะวันออก
เสริมไทย มหาสารคาม,เพาเวอร์บาย,มหาสารคาม,ภาคตะวันออกเฉียงเหนือ
มุกดาหาร,เพาเวอร์บาย,มุกดาหาร,ภาคตะวันออกเฉียงเหนือ
เดอะโฟสท์ สาย 4,เพาเวอร์บาย,นครปฐม,ภาคตะวันตกและตะวันออก
นครชัยศรี นครปฐม,เพาเวอร์บาย,นครปฐม,ภาคตะวันตกและตะวันออก
นครปฐม,เพาเวอร์บาย,นครปฐม,ภาคตะวันตกและตะวันออก
นครปฐม,เพาเวอร์บาย,นครปฐม,ภาคตะวันตกและตะวันออก
บางเลน นครปฐม,เพาเวอร์บาย,นครปฐม,ภาคตะวันตกและตะวันออก
ศาลายา,เพาเวอร์บาย,นครปฐม,ภาคตะวันตกและตะวันออก
ศาลายา,เพาเวอร์บาย,นครปฐม,ภาคตะวันตกและตะวันออก
โคราช,เพาเวอร์บาย,นครราชสีมา,ภาคตะวันออกเฉียงเหนือ
โชคชัย,เพาเวอร์บาย,นครราชสีมา,ภาคตะวันออกเฉียงเหนือ
นครสวรรค์,เพาเวอร์บาย,นครสวรรค์,ภาคเหนือ
วิถีเทพ นครสวรรค์,เพาเวอร์บาย,นครสวรรค์,ภาคเหนือ
วีสแควร์ นครสวรรค์,เพาเวอร์บาย,นครสวรรค์,ภาคเหนือ
โกเพาเวอร์ ปากพนัง นครศรีธรรมราช,เพาเวอร์บาย,นครศรีธรรมราช,ภาคใต้
โชคดี นครศรีธรรมราช,เพาเวอร์บาย,นครศรีธรรมราช,ภาคใต้
ท่าศาลา,เพาเวอร์บาย,นครศรีธรรมราช,ภาคใต้
นครศรีธรรมราช,เพาเวอร์บาย,นครศรีธรรมราช,ภาคใต้
ร่อนพิบูลย์,เพาเวอร์บาย,นครศรีธรรมราช,ภาคใต้
ศรีบุญเรือง หนองบัวลำภู,เพาเวอร์บาย,หนองบัวลำภู,ภาคตะวันออกเฉียงเหนือ
หนองบัวลำภู,เพาเวอร์บาย,หนองบัวลำภู,ภาคตะวันออกเฉียงเหนือ
อัสวัน หนองคาย,เพาเวอร์บาย,หนองคาย,ภาคตะวันออกเฉียงเหนือ
เวสเกต,เพาเวอร์บาย,นนทบุรี,กรุงเทพฯและภาคกลาง
แจ้งวัฒนะ,เพาเวอร์บาย,นนทบุรี,กรุงเทพฯและภาคกลาง
นอร์ทวิลล์,เพาเวอร์บาย,นนทบุรี,กรุงเทพฯและภาคกลาง
บางใหญ่,เพาเวอร์บาย,นนทบุรี,กรุงเทพฯและภาคกลาง
รัตนาธิเบศ,เพาเวอร์บาย,นนทบุรี,กรุงเทพฯและภาคกลาง
ราชพฤกษ์,เพาเวอร์บาย,นนทบุรี,กรุงเทพฯและภาคกลาง
ราชพฤกษ์,เพาเวอร์บาย,นนทบุรี,กรุงเทพฯและภาคกลาง
ศรีสมาน,เพาเวอร์บาย,นนทบุรี,กรุงเทพฯและภาคกลาง
คลองหลวง,เพาเวอร์บาย,ปทุมธานี,กรุงเทพฯและภาคกลาง
ฟิวเจอร์พาร์ค รังสิต,เพาเวอร์บาย,ปทุมธานี,กรุงเทพฯและภาคกลาง
รังสิต,เพาเวอร์บาย,ปทุมธานี,กรุงเทพฯและภาคกลาง
พังงา,เพาเวอร์บาย,พังงา,ภาคใต้
ท็อป-พะเยา,เพาเวอร์บาย,พะเยา,ภาคเหนือ
เพชรบุรี,เพาเวอร์บาย,เพชรบุรี,ภาคตะวันตกและตะวันออก
เพชรบุรี,เพาเวอร์บาย,เพชรบุรี,ภาคตะวันตกและตะวันออก
ท็อป-พิจิตร,เพาเวอร์บาย,พิจิตร,ภาคเหนือ
พิษณุโลก,เพาเวอร์บาย,พิษณุโลก,ภาคเหนือ
มาร์คโฟว์ แพร่,เพาเวอร์บาย,แพร่,ภาคเหนือ
เซ็นทรัลเฟสติวัล ภูเก็ต,เพาเวอร์บาย,ภูเก็ต,ภาคใต้
จังซีลอน ภูเก็ต,เพาเวอร์บาย,ภูเก็ต,ภาคใต้
ถลาง ภูเก็ต,เพาเวอร์บาย,ภูเก็ต,ภาคใต้
ภูเก็ต,เพาเวอร์บาย,ภูเก็ต,ภาคใต้
ปราจีนบุรี,เพาเวอร์บาย,ปราจีนบุรี,ภาคตะวันตกและตะวันออก
สเปส 304 ปราจีนบุรี,เพาเวอร์บาย,ปราจีนบุรี,ภาคตะวันตกและตะวันออก
หัวหิน,เพาเวอร์บาย,ประจวบคีรีขันธ์,ภาคตะวันตกและตะวันออก
ราชบุรี,เพาเวอร์บาย,ราชบุรี,ภาคตะวันตกและตะวันออก
บ้านฉาง ระยอง,เพาเวอร์บาย,ระยอง,ภาคตะวันตกและตะวันออก
พาสชั่น ระยอง,เพาเวอร์บาย,ระยอง,ภาคตะวันตกและตะวันออก
ระยอง,เพาเวอร์บาย,ระยอง,ภาคตะวันตกและตะวันออก
ระยอง,เพาเวอร์บาย,ระยอง,ภาคตะวันตกและตะวันออก
ร้อยเอ็ด,เพาเวอร์บาย,ร้อยเอ็ด,ภาคตะวันออกเฉียงเหนือ
สกลนคร,เพาเวอร์บาย,สกลนคร,ภาคตะวันออกเฉียงเหนือ
เมกาบางนา,เพาเวอร์บาย,สมุทรปราการ,กรุงเทพฯและภาคกลาง
บางพลี,เพาเวอร์บาย,สมุทรปราการ,กรุงเทพฯและภาคกลาง
สมุทรปราการ,เพาเวอร์บาย,สมุทรปราการ,กรุงเทพฯและภาคกลาง
สุขสวัสดิ์,เพาเวอร์บาย,สมุทรปราการ,กรุงเทพฯและภาคกลาง
อิมพีเรียล สำโรง,เพาเวอร์บาย,สมุทรปราการ,กรุงเทพฯและภาคกลาง
มหาชัย,เพาเวอร์บาย,สมุทรสาคร,ภาคตะวันตกและตะวันออก
สระบุรี,เพาเวอร์บาย,สระบุรี,ภาคตะวันตกและตะวันออก
ไชยแสง สิงห์บุรี,เพาเวอร์บาย,สิงห์บุรี,ภาคตะวันตกและตะวันออก
ท็อป สิงห์บุรี,เพาเวอร์บาย,สิงห์บุรี,ภาคตะวันตกและตะวันออก
ลีทรัพสินย์ สงขลา,เพาเวอร์บาย,สงขลา,ภาคใต้
หาดใหญ่,เพาเวอร์บาย,สงขลา,ภาคใต้
หาดใหญ่,เพาเวอร์บาย,สงขลา,ภาคใต้
สุพรรณบุรี,เพาเวอร์บาย,สุพรรณบุรี,ภาคตะวันตกและตะวันออก
เกาะสมุย,เพาเวอร์บาย,สุราษฎร์ธานี,ภาคใต้
สุราษฎร์ธานี,เพาเวอร์บาย,สุราษฎร์ธานี,ภาคใต้
สุรินทร์,เพาเวอร์บาย,สุรินทร์,ภาคตะวันออกเฉียงเหนือ
แม่สอด ตาก,เพาเวอร์บาย,ตาก,ภาคเหนือ
ตรัง,เพาเวอร์บาย,ตรัง,ภาคใต้
อุบล ราชธานี,เพาเวอร์บาย,อุบลราชธานี,ภาคตะวันออกเฉียงเหนือ
อุบลราชธานี,เพาเวอร์บาย,อุบลราชธานี,ภาคตะวันออกเฉียงเหนือ
บ้านผือ อุดรธานี,เพาเวอร์บาย,อุดรธานี,ภาคตะวันออกเฉียงเหนือ
ยูดีทาวน์ อุดรธานี,เพาเวอร์บาย,อุดรธานี,ภาคตะวันออกเฉียงเหนือ
อุดรธานี,เพาเวอร์บาย,อุดรธานี,ภาคตะวันออกเฉียงเหนือ
อุดรธานี,เพาเวอร์บาย,อุดรธานี,ภาคตะวันออกเฉียงเหนือ
อุดรธานี,เพาเวอร์บาย,อุดรธานี,ภาคตะวันออกเฉียงเหนือ
เดอะมอลล์ท่าพระ,เพาเวอร์มอลล์,กรุงเทพมหานคร,กรุงเทพฯและภาคกลาง
เดอะมอลล์บางแค,เพาเวอร์มอลล์,กรุงเทพมหานคร,กรุงเทพฯและภาคกลาง
เดอะมอลล์บางกะปิ,เพาเวอร์มอลล์,กรุงเทพมหานคร,กรุงเทพฯและภาคกลาง
เดอะมอลล์รามคำแหง,เพาเวอร์มอลล์,กรุงเทพมหานคร,กรุงเทพฯและภาคกลาง
เอ็มโพเรียม,เพาเวอร์มอลล์,กรุงเทพมหานคร,กรุงเทพฯและภาคกลาง
สยามพารากอน,เพาเวอร์มอลล์,กรุงเทพมหานคร,กรุงเทพฯและภาคกลาง
เดอะมอลล์โคราช,เพาเวอร์มอลล์,นครราชสีมา,ภาคตะวันออกเฉียงเหนือ
เดอะมอลล์งามวงศ์วาน,เพาเวอร์มอลล์,นนทบุรี,กรุงเทพฯและภาคกลาง
อยุธยา,ไทยวัสดุ,พระนครศรีอยุธยา,ภาคตะวันตกและตะวันออก
นวมินทร์,ไทยวัสดุ,กรุงเทพมหานคร,กรุงเทพฯและภาคกลาง
พระราม 2,ไทยวัสดุ,กรุงเทพมหานคร,กรุงเทพฯและภาคกลาง
พระราม 3,ไทยวัสดุ,กรุงเทพมหานคร,กรุงเทพฯและภาคกลาง
ราชพฤกษ์,ไทยวัสดุ,กรุงเทพมหานคร,กรุงเทพฯและภาคกลาง
สุขาภิบาล 3,ไทยวัสดุ,กรุงเทพมหานคร,กรุงเทพฯและภาคกลาง
หนองจอก,ไทยวัสดุ,กรุงเทพมหานคร,กรุงเทพฯและภาคกลาง
บุรีรัมย์,ไทยวัสดุ,บุรีรัมย์,ภาคตะวันออกเฉียงเหนือ
ฉะเชิงเทรา,ไทยวัสดุ,ฉะเชิงเทรา,ภาคตะวันตกและตะวันออก
ชัยนาท,ไทยวัสดุ,ชัยนาท,ภาคตะวันตกและตะวันออก
ชัยภูมิ,ไทยวัสดุ,ชัยภูมิ,ภาคตะวันออกเฉียงเหนือ
เซ็นทรัล จันทบุรี,ไทยวัสดุ,จันทบุรี,ภาคตะวันตกและตะวันออก
จันทบุรี,ไทยวัสดุ,จันทบุรี,ภาคตะวันตกและตะวันออก
เชียงใหม่,ไทยวัสดุ,เชียงใหม่,ภาคเหนือ
สนามบินเชียงใหม่,ไทยวัสดุ,เชียงใหม่,ภาคเหนือ
สันทราย,ไทยวัสดุ,เชียงใหม่,ภาคเหนือ
เชียงราย,ไทยวัสดุ,เชียงราย,ภาคเหนือ
แม่จัน เชียงราย,ไทยวัสดุ,เชียงราย,ภาคเหนือ
ชลบุรี,ไทยวัสดุ,ชลบุรี,ภาคตะวันตกและตะวันออก
บ่อวิน,ไทยวัสดุ,ชลบุรี,ภาคตะวันตกและตะวันออก
บางแสน,ไทยวัสดุ,ชลบุรี,ภาคตะวันตกและตะวันออก
พัทยา,ไทยวัสดุ,ชลบุรี,ภาคตะวันตกและตะวันออก
พัทยาใต้,ไทยวัสดุ,ชลบุรี,ภาคตะวันตกและตะวันออก
ศรีราชา ชลบุรี,ไทยวัสดุ,ชลบุรี,ภาคตะวันตกและตะวันออก
อมตะนคร,ไทยวัสดุ,ชลบุรี,ภาคตะวันตกและตะวันออก
กาฬสินธุ์,ไทยวัสดุ,กาฬสินธุ์,ภาคตะวันออกเฉียงเหนือ
กำแพงเพชร,ไทยวัสดุ,กำแพงเพชร,ภาคเหนือ
กาญจนบุรี,ไทยวัสดุ,กาญจนบุรี,ภาคตะวันตกและตะวันออก
ขอนแก่น,ไทยวัสดุ,ขอนแก่น,ภาคตะวันออกเฉียงเหนือ
มิตรภาพ ขอนแก่น,ไทยวัสดุ,ขอนแก่น,ภาคตะวันออกเฉียงเหนือ
ลำปาง,ไทยวัสดุ,ลำปาง,ภาคเหนือ
เลย,ไทยวัสดุ,เลย,ภาคตะวันออกเฉียงเหนือ
ลพบุรี,ไทยวัสดุ,ลพบุรี,ภาคตะวันตกและตะวันออก
มหาสารคาม,ไทยวัสดุ,มหาสารคาม,ภาคตะวันออกเฉียงเหนือ
มุกดาหาร,ไทยวัสดุ,มุกดาหาร,ภาคตะวันออกเฉียงเหนือ
นคร นายก,ไทยวัสดุ,นครนายก,ภาคตะวันตกและตะวันออก
นครปฐม,ไทยวัสดุ,นครปฐม,ภาคตะวันตกและตะวันออก
ศาลายา,ไทยวัสดุ,นครปฐม,ภาคตะวันตกและตะวันออก
นครราชสีมา,ไทยวัสดุ,นครราชสีมา,ภาคตะวันออกเฉียงเหนือ
ปากช่อง,ไทยวัสดุ,นครราชสีมา,ภาคตะวันออกเฉียงเหนือ
หัวทะเล โคราช,ไทยวัสดุ,นครราชสีมา,ภาคตะวันออกเฉียงเหนือ
นครสวรรค์,ไทยวัสดุ,นครสวรรค์,ภาคเหนือ
นครศรีธรรมราช,ไทยวัสดุ,นครศรีธรรมราช,ภาคใต้
น่าน,ไทยวัสดุ,น่าน,ภาคเหนือ
หนองบัวลำภู,ไทยวัสดุ,หนองบัวลำภู,ภาคตะวันออกเฉียงเหนือ
แจ้งวัฒนะ,ไทยวัสดุ,นนทบุรี,กรุงเทพฯและภาคกลาง
โลตัส บางใหญ่,ไทยวัสดุ,นนทบุรี,กรุงเทพฯและภาคกลาง
ชัยพฤกษ์,ไทยวัสดุ,นนทบุรี,กรุงเทพฯและภาคกลาง
นครอินทร์ บางกรวย,ไทยวัสดุ,นนทบุรี,กรุงเทพฯและภาคกลาง
บางใหญ่,ไทยวัสดุ,นนทบุรี,กรุงเทพฯและภาคกลาง
บางบัวทอง,ไทยวัสดุ,นนทบุรี,กรุงเทพฯและภาคกลาง
รัตนาธิเบศ,ไทยวัสดุ,นนทบุรี,กรุงเทพฯและภาคกลาง
ศรีสมาน,ไทยวัสดุ,นนทบุรี,กรุงเทพฯและภาคกลาง
เมืองเอก,ไทยวัสดุ,ปทุมธานี,กรุงเทพฯและภาคกลาง
ปทุมธานี,ไทยวัสดุ,ปทุมธานี,กรุงเทพฯและภาคกลาง
ปทุมธานี,ไทยวัสดุ,ปทุมธานี,กรุงเทพฯและภาคกลาง
รังสิต 1,ไทยวัสดุ,ปทุมธานี,กรุงเทพฯและภาคกลาง
รังสิต คลอง 4,ไทยวัสดุ,ปทุมธานี,กรุงเทพฯและภาคกลาง
ลำลูกกา,ไทยวัสดุ,ปทุมธานี,กรุงเทพฯและภาคกลาง
เพชรบูรณ์,ไทยวัสดุ,เพชรบูรณ์,ภาคเหนือ
เพชรบุรี,ไทยวัสดุ,เพชรบุรี,ภาคตะวันตกและตะวันออก
ชะอำ,ไทยวัสดุ,เพชรบุรี,ภาคตะวันตกและตะวันออก
พิษณุโลก,ไทยวัสดุ,พิษณุโลก,ภาคเหนือ
แพร่,ไทยวัสดุ,แพร่,ภาคเหนือ
เซ็นทรัลเฟสติวัล ภูเก็ต,ไทยวัสดุ,ภูเก็ต,ภาคใต้
ฉลอง ภูเก็ต,ไทยวัสดุ,ภูเก็ต,ภาคใต้
ถลาง ภูเก็ต,ไทยวัสดุ,ภูเก็ต,ภาคใต้
ศรีมหาโพธ ปราจีนบุรี,ไทยวัสดุ,ปราจีนบุรี,ภาคตะวันตกและตะวันออก
ราชบุรี,ไทยวัสดุ,ราชบุรี,ภาคตะวันตกและตะวันออก
แกลง ระยอง,ไทยวัสดุ,ระยอง,ภาคตะวันตกและตะวันออก
บ้านฉาง ระยอง,ไทยวัสดุ,ระยอง,ภาคตะวันตกและตะวันออก
ระยอง,ไทยวัสดุ,ระยอง,ภาคตะวันตกและตะวันออก
ร้อยเอ็ด,ไทยวัสดุ,ร้อยเอ็ด,ภาคตะวันออกเฉียงเหนือ
สระแก้ว,ไทยวัสดุ,สระแก้ว,ภาคตะวันตกและตะวันออก
อรัญประเทศ,ไทยวัสดุ,สระแก้ว,ภาคตะวันตกและตะวันออก
สกลนคร,ไทยวัสดุ,สกลนคร,ภาคตะวันออกเฉียงเหนือ
บางนา,ไทยวัสดุ,สมุทรปราการ,กรุงเทพฯและภาคกลาง
บางพลี,ไทยวัสดุ,สมุทรปราการ,กรุงเทพฯและภาคกลาง
สมุทรปราการ,ไทยวัสดุ,สมุทรปราการ,กรุงเทพฯและภาคกลาง
สุขสวัสดิ์,ไทยวัสดุ,สมุทรปราการ,กรุงเทพฯและภาคกลาง
บางบอน,ไทยวัสดุ,สมุทรสาคร,ภาคตะวันตกและตะวันออก
อ้อมน้อย,ไทยวัสดุ,สมุทรสาคร,ภาคตะวันตกและตะวันออก
มหาชัย,ไทยวัสดุ,สมุทรสงคราม,ภาคตะวันตกและตะวันออก
สระบุรี,ไทยวัสดุ,สระบุรี,ภาคตะวันตกและตะวันออก
ศรีสะเกษ,ไทยวัสดุ,ศรีสะเกษ,ภาคตะวันออกเฉียงเหนือ
สงขลา,ไทยวัสดุ,สงขลา,ภาคใต้
หาดใหญ่,ไทยวัสดุ,สงขลา,ภาคใต้
สุพรรณบุรี,ไทยวัสดุ,สุพรรณบุรี,ภาคตะวันตกและตะวันออก
สุราษฎร์ ธานี,ไทยวัสดุ,สุราษฎร์ธานี,ภาคใต้
สุรินทร์,ไทยวัสดุ,สุรินทร์,ภาคตะวันออกเฉียงเหนือ
ตาก,ไทยวัสดุ,ตาก,ภาคเหนือ
ตรัง,ไทยวัสดุ,ตรัง,ภาคใต้
อุบล ราชธานี,ไทยวัสดุ,อุบลราชธานี,ภาคตะวันออกเฉียงเหนือ
กุดสะ อุดรธานี,ไทยวัสดุ,อุดรธานี,ภาคตะวันออกเฉียงเหนือ
อุดร ธานี,ไทยวัสดุ,อุดรธานี,ภาคตะวันออกเฉียงเหนือ
อุทัยธานี,ไทยวัสดุ,อุทัยธานี,ภาคเหนือ
ยโสธร,ไทยวัสดุ,ยโสธร,ภาคตะวันออกเฉียงเหนือ
